DT_LOC,NU_MUN,NO_MUN,SECCION
1,102,Tuxtla Gutiérrez ,1603
1,102,Tuxtla Gutiérrez ,1604
1,102,Tuxtla Gutiérrez ,1605
1,102,Tuxtla Gutiérrez ,1607
1,102,Tuxtla Gutiérrez ,1608
1,102,Tuxtla Gutiérrez ,1609
1,102,Tuxtla Gutiérrez ,1610
1,102,Tuxtla Gutiérrez ,1611
1,102,Tuxtla Gutiérrez ,1612
1,102,Tuxtla Gutiérrez ,1618
1,102,Tuxtla Gutiérrez ,1619
1,102,Tuxtla Gutiérrez ,1620
1,102,Tuxtla Gutiérrez ,1621
1,102,Tuxtla Gutiérrez ,1622
1,102,Tuxtla Gutiérrez ,1623
1,102,Tuxtla Gutiérrez ,1624
1,102,Tuxtla Gutiérrez ,1625
1,102,Tuxtla Gutiérrez ,1626
1,102,Tuxtla Gutiérrez ,1627
1,102,Tuxtla Gutiérrez ,1628
1,102,Tuxtla Gutiérrez ,1629
1,102,Tuxtla Gutiérrez ,1630
1,102,Tuxtla Gutiérrez ,1631
1,102,Tuxtla Gutiérrez ,1653
1,102,Tuxtla Gutiérrez ,1655
1,102,Tuxtla Gutiérrez ,1656
1,102,Tuxtla Gutiérrez ,1657
1,102,Tuxtla Gutiérrez ,1659
1,102,Tuxtla Gutiérrez ,1660
1,102,Tuxtla Gutiérrez ,1661
1,102,Tuxtla Gutiérrez ,1662
1,102,Tuxtla Gutiérrez ,1663
1,102,Tuxtla Gutiérrez ,1684
1,102,Tuxtla Gutiérrez ,1685
1,102,Tuxtla Gutiérrez ,1686
1,102,Tuxtla Gutiérrez ,1750
1,102,Tuxtla Gutiérrez ,1751
1,102,Tuxtla Gutiérrez ,1754
1,102,Tuxtla Gutiérrez ,1930
1,102,Tuxtla Gutiérrez ,1931
1,102,Tuxtla Gutiérrez ,1932
1,102,Tuxtla Gutiérrez ,1933
1,102,Tuxtla Gutiérrez ,1934
1,102,Tuxtla Gutiérrez ,1935
1,102,Tuxtla Gutiérrez ,1936
1,102,Tuxtla Gutiérrez ,1937
1,102,Tuxtla Gutiérrez ,1938
1,102,Tuxtla Gutiérrez ,1939
1,102,Tuxtla Gutiérrez ,1940
1,102,Tuxtla Gutiérrez ,1941
1,102,Tuxtla Gutiérrez ,1942
1,102,Tuxtla Gutiérrez ,1943
1,102,Tuxtla Gutiérrez ,1944
1,102,Tuxtla Gutiérrez ,1945
1,102,Tuxtla Gutiérrez ,1946
1,102,Tuxtla Gutiérrez ,1947
1,102,Tuxtla Gutiérrez ,1948
1,102,Tuxtla Gutiérrez ,1949
1,102,Tuxtla Gutiérrez ,1950
1,102,Tuxtla Gutiérrez ,1951
1,102,Tuxtla Gutiérrez ,1952
1,102,Tuxtla Gutiérrez ,1953
1,102,Tuxtla Gutiérrez ,1954
1,102,Tuxtla Gutiérrez ,1955
1,102,Tuxtla Gutiérrez ,1956
1,102,Tuxtla Gutiérrez ,1957
1,102,Tuxtla Gutiérrez ,1958
1,102,Tuxtla Gutiérrez ,1959
1,102,Tuxtla Gutiérrez ,1960
1,102,Tuxtla Gutiérrez ,1961
1,102,Tuxtla Gutiérrez ,1962
1,102,Tuxtla Gutiérrez ,1963
1,102,Tuxtla Gutiérrez ,1964
1,102,Tuxtla Gutiérrez ,1965
1,102,Tuxtla Gutiérrez ,1966
1,102,Tuxtla Gutiérrez ,1967
1,102,Tuxtla Gutiérrez ,1968
1,102,Tuxtla Gutiérrez ,1969
1,102,Tuxtla Gutiérrez ,1970
1,102,Tuxtla Gutiérrez ,1971
1,102,Tuxtla Gutiérrez ,1972
1,102,Tuxtla Gutiérrez ,1973
1,102,Tuxtla Gutiérrez ,1974
1,102,Tuxtla Gutiérrez ,1975
1,102,Tuxtla Gutiérrez ,2012
1,102,Tuxtla Gutiérrez ,2013
1,102,Tuxtla Gutiérrez ,2014
1,102,Tuxtla Gutiérrez ,2015
1,102,Tuxtla Gutiérrez ,2016
1,102,Tuxtla Gutiérrez ,2017
1,102,Tuxtla Gutiérrez ,2018
1,102,Tuxtla Gutiérrez ,2019
1,102,Tuxtla Gutiérrez ,2020
1,102,Tuxtla Gutiérrez ,2021
1,102,Tuxtla Gutiérrez ,2022
1,102,Tuxtla Gutiérrez ,2023
1,102,Tuxtla Gutiérrez ,2024
1,102,Tuxtla Gutiérrez ,2025
1,102,Tuxtla Gutiérrez ,2026
1,102,Tuxtla Gutiérrez ,2027
1,102,Tuxtla Gutiérrez ,2028
1,102,Tuxtla Gutiérrez ,2029
1,102,Tuxtla Gutiérrez ,2030
1,102,Tuxtla Gutiérrez ,2031
1,102,Tuxtla Gutiérrez ,2032
1,102,Tuxtla Gutiérrez ,2033
1,102,Tuxtla Gutiérrez ,2034
1,102,Tuxtla Gutiérrez ,2035
1,102,Tuxtla Gutiérrez ,2036
1,102,Tuxtla Gutiérrez ,2037
1,102,Tuxtla Gutiérrez ,2038
1,102,Tuxtla Gutiérrez ,2039
1,102,Tuxtla Gutiérrez ,2040
1,102,Tuxtla Gutiérrez ,2041
1,102,Tuxtla Gutiérrez ,2042
1,102,Tuxtla Gutiérrez ,2043
1,102,Tuxtla Gutiérrez ,2044
1,102,Tuxtla Gutiérrez ,2045
1,102,Tuxtla Gutiérrez ,2046
1,102,Tuxtla Gutiérrez ,2131
1,102,Tuxtla Gutiérrez ,2132
1,102,Tuxtla Gutiérrez ,2159
1,102,Tuxtla Gutiérrez ,2160
1,102,Tuxtla Gutiérrez ,2161
1,102,Tuxtla Gutiérrez ,2162
1,102,Tuxtla Gutiérrez ,2163
2,12,Berriozabal,131
2,12,Berriozabal,132
2,12,Berriozabal,133
2,12,Berriozabal,134
2,12,Berriozabal,135
2,12,Berriozabal,137
2,12,Berriozabal,138
2,12,Berriozabal,139
2,12,Berriozabal,140
2,12,Berriozabal,141
2,12,Berriozabal,142
2,12,Berriozabal,143
2,12,Berriozabal,2182
2,12,Berriozabal,2183
2,12,Berriozabal,2184
2,12,Berriozabal,2185
2,12,Berriozabal,2285
2,12,Berriozabal,2286
2,12,Berriozabal,2287
2,29,Chicoasén,436
2,29,Chicoasén,437
2,29,Chicoasén,438
2,63,Osumacinta,923
2,63,Osumacinta,924
2,78,San Fernando,1165
2,78,San Fernando,1166
2,78,San Fernando,1167
2,78,San Fernando,1169
2,78,San Fernando,1170
2,78,San Fernando,1171
2,78,San Fernando,1172
2,78,San Fernando,1173
2,78,San Fernando,1174
2,78,San Fernando,1175
2,78,San Fernando,1176
2,78,San Fernando,2089
2,78,San Fernando,2090
2,78,San Fernando,2293
2,78,San Fernando,2294
2,102,Tuxtla Gutiérrez ,1613
2,102,Tuxtla Gutiérrez ,1614
2,102,Tuxtla Gutiérrez ,1615
2,102,Tuxtla Gutiérrez ,1617
2,102,Tuxtla Gutiérrez ,1632
2,102,Tuxtla Gutiérrez ,1633
2,102,Tuxtla Gutiérrez ,1634
2,102,Tuxtla Gutiérrez ,1635
2,102,Tuxtla Gutiérrez ,1636
2,102,Tuxtla Gutiérrez ,1637
2,102,Tuxtla Gutiérrez ,1638
2,102,Tuxtla Gutiérrez ,1639
2,102,Tuxtla Gutiérrez ,1640
2,102,Tuxtla Gutiérrez ,1641
2,102,Tuxtla Gutiérrez ,1642
2,102,Tuxtla Gutiérrez ,1643
2,102,Tuxtla Gutiérrez ,1644
2,102,Tuxtla Gutiérrez ,1645
2,102,Tuxtla Gutiérrez ,1646
2,102,Tuxtla Gutiérrez ,1647
2,102,Tuxtla Gutiérrez ,1672
2,102,Tuxtla Gutiérrez ,1674
2,102,Tuxtla Gutiérrez ,1703
2,102,Tuxtla Gutiérrez ,1739
2,102,Tuxtla Gutiérrez ,2148
2,102,Tuxtla Gutiérrez ,2149
2,102,Tuxtla Gutiérrez ,2150
2,102,Tuxtla Gutiérrez ,2164
2,102,Tuxtla Gutiérrez ,2165
2,102,Tuxtla Gutiérrez ,2166
2,102,Tuxtla Gutiérrez ,2167
2,102,Tuxtla Gutiérrez ,2168
2,102,Tuxtla Gutiérrez ,2169
3,2,Acala,7
3,2,Acala,8
3,2,Acala,9
3,2,Acala,10
3,2,Acala,11
3,2,Acala,12
3,2,Acala,13
3,2,Acala,14
3,2,Acala,18
3,2,Acala,19
3,27,Chiapa de Corzo,403
3,27,Chiapa de Corzo,404
3,27,Chiapa de Corzo,406
3,27,Chiapa de Corzo,407
3,27,Chiapa de Corzo,408
3,27,Chiapa de Corzo,409
3,27,Chiapa de Corzo,410
3,27,Chiapa de Corzo,411
3,27,Chiapa de Corzo,412
3,27,Chiapa de Corzo,413
3,27,Chiapa de Corzo,414
3,27,Chiapa de Corzo,417
3,27,Chiapa de Corzo,418
3,27,Chiapa de Corzo,419
3,27,Chiapa de Corzo,420
3,27,Chiapa de Corzo,421
3,27,Chiapa de Corzo,422
3,27,Chiapa de Corzo,423
3,27,Chiapa de Corzo,424
3,27,Chiapa de Corzo,425
3,27,Chiapa de Corzo,426
3,27,Chiapa de Corzo,427
3,27,Chiapa de Corzo,428
3,27,Chiapa de Corzo,429
3,27,Chiapa de Corzo,430
3,27,Chiapa de Corzo,431
3,27,Chiapa de Corzo,432
3,27,Chiapa de Corzo,2104
3,27,Chiapa de Corzo,2105
3,27,Chiapa de Corzo,2106
3,27,Chiapa de Corzo,2107
3,27,Chiapa de Corzo,2108
3,27,Chiapa de Corzo,2298
3,27,Chiapa de Corzo,2299
3,27,Chiapa de Corzo,2374
3,27,Chiapa de Corzo,2375
3,27,Chiapa de Corzo,2376
3,27,Chiapa de Corzo,2377
3,27,Chiapa de Corzo,2378
3,28,Chiapilla,433
3,28,Chiapilla,434
3,28,Chiapilla,435
3,44,Ixtapa,627
3,44,Ixtapa,628
3,44,Ixtapa,629
3,44,Ixtapa,630
3,44,Ixtapa,631
3,44,Ixtapa,632
3,44,Ixtapa,633
3,44,Ixtapa,634
3,44,Ixtapa,635
3,80,San Lucas,1187
3,80,San Lucas,1188
3,87,Suchiapa,1240
3,87,Suchiapa,1241
3,87,Suchiapa,1242
3,87,Suchiapa,1243
3,87,Suchiapa,1244
3,87,Suchiapa,1245
3,87,Suchiapa,1246
3,98,Totolapa,1530
3,98,Totolapa,2113
3,98,Totolapa,2114
3,98,Totolapa,2115
3,122,Emiliano Zapata,15
3,122,Emiliano Zapata,16
3,122,Emiliano Zapata,17
3,122,Emiliano Zapata,20
4,66,Pantelhó,977
4,66,Pantelhó,978
4,66,Pantelhó,979
4,66,Pantelhó,980
4,66,Pantelhó,981
4,66,Pantelhó,982
4,66,Pantelhó,983
4,66,Pantelhó,984
4,75,Sabanilla,1082
4,75,Sabanilla,1083
4,75,Sabanilla,1084
4,75,Sabanilla,1085
4,75,Sabanilla,1086
4,75,Sabanilla,1088
4,75,Sabanilla,1089
4,75,Sabanilla,1090
4,75,Sabanilla,1091
4,75,Sabanilla,2217
4,75,Sabanilla,2218
4,96,Tila,1464
4,96,Tila,1465
4,96,Tila,1466
4,96,Tila,1467
4,96,Tila,1468
4,96,Tila,1469
4,96,Tila,1470
4,96,Tila,1471
4,96,Tila,1472
4,96,Tila,1473
4,96,Tila,1475
4,96,Tila,1476
4,96,Tila,1477
4,96,Tila,1478
4,96,Tila,1479
4,96,Tila,1480
4,96,Tila,1481
4,96,Tila,1482
4,96,Tila,1483
4,96,Tila,1484
4,96,Tila,1485
4,96,Tila,2224
4,96,Tila,2225
4,96,Tila,2226
4,100,Tumbalá,1568
4,100,Tumbalá,1569
4,100,Tumbalá,1570
4,100,Tumbalá,1571
4,100,Tumbalá,1572
4,100,Tumbalá,1573
4,100,Tumbalá,1574
4,100,Tumbalá,1575
4,100,Tumbalá,1576
4,100,Tumbalá,1577
4,100,Tumbalá,1578
4,100,Tumbalá,1579
4,110,Yajalón,1902
4,110,Yajalón,1903
4,110,Yajalón,1904
4,110,Yajalón,1905
4,110,Yajalón,1906
4,110,Yajalón,1907
4,110,Yajalón,1908
4,110,Yajalón,1909
4,110,Yajalón,1910
4,110,Yajalón,1911
4,110,Yajalón,1912
4,110,Yajalón,1913
4,110,Yajalón,1914
5,77,San Cristóbal de las Casas,1116
5,77,San Cristóbal de las Casas,1117
5,77,San Cristóbal de las Casas,1118
5,77,San Cristóbal de las Casas,1119
5,77,San Cristóbal de las Casas,1120
5,77,San Cristóbal de las Casas,1121
5,77,San Cristóbal de las Casas,1122
5,77,San Cristóbal de las Casas,1123
5,77,San Cristóbal de las Casas,1124
5,77,San Cristóbal de las Casas,1125
5,77,San Cristóbal de las Casas,1126
5,77,San Cristóbal de las Casas,1127
5,77,San Cristóbal de las Casas,1129
5,77,San Cristóbal de las Casas,1130
5,77,San Cristóbal de las Casas,1131
5,77,San Cristóbal de las Casas,1132
5,77,San Cristóbal de las Casas,1133
5,77,San Cristóbal de las Casas,1134
5,77,San Cristóbal de las Casas,1135
5,77,San Cristóbal de las Casas,1136
5,77,San Cristóbal de las Casas,1137
5,77,San Cristóbal de las Casas,1138
5,77,San Cristóbal de las Casas,1139
5,77,San Cristóbal de las Casas,1140
5,77,San Cristóbal de las Casas,1141
5,77,San Cristóbal de las Casas,1142
5,77,San Cristóbal de las Casas,1143
5,77,San Cristóbal de las Casas,1144
5,77,San Cristóbal de las Casas,1145
5,77,San Cristóbal de las Casas,1146
5,77,San Cristóbal de las Casas,1147
5,77,San Cristóbal de las Casas,1148
5,77,San Cristóbal de las Casas,1149
5,77,San Cristóbal de las Casas,1150
5,77,San Cristóbal de las Casas,1151
5,77,San Cristóbal de las Casas,1152
5,77,San Cristóbal de las Casas,1153
5,77,San Cristóbal de las Casas,1154
5,77,San Cristóbal de las Casas,1155
5,77,San Cristóbal de las Casas,1156
5,77,San Cristóbal de las Casas,1157
5,77,San Cristóbal de las Casas,1158
5,77,San Cristóbal de las Casas,1159
5,77,San Cristóbal de las Casas,1160
5,77,San Cristóbal de las Casas,1161
5,77,San Cristóbal de las Casas,1162
5,77,San Cristóbal de las Casas,1163
5,77,San Cristóbal de las Casas,2094
5,77,San Cristóbal de las Casas,2095
5,77,San Cristóbal de las Casas,2096
5,77,San Cristóbal de las Casas,2097
5,77,San Cristóbal de las Casas,2098
5,77,San Cristóbal de las Casas,2186
5,77,San Cristóbal de las Casas,2187
5,77,San Cristóbal de las Casas,2188
5,77,San Cristóbal de las Casas,2189
5,77,San Cristóbal de las Casas,2190
5,77,San Cristóbal de las Casas,2295
5,77,San Cristóbal de las Casas,2296
5,77,San Cristóbal de las Casas,2297
6,19,Comitán de Domínguez,240
6,19,Comitán de Domínguez,241
6,19,Comitán de Domínguez,242
6,19,Comitán de Domínguez,243
6,19,Comitán de Domínguez,245
6,19,Comitán de Domínguez,246
6,19,Comitán de Domínguez,247
6,19,Comitán de Domínguez,248
6,19,Comitán de Domínguez,249
6,19,Comitán de Domínguez,250
6,19,Comitán de Domínguez,251
6,19,Comitán de Domínguez,252
6,19,Comitán de Domínguez,253
6,19,Comitán de Domínguez,254
6,19,Comitán de Domínguez,255
6,19,Comitán de Domínguez,256
6,19,Comitán de Domínguez,257
6,19,Comitán de Domínguez,258
6,19,Comitán de Domínguez,259
6,19,Comitán de Domínguez,262
6,19,Comitán de Domínguez,263
6,19,Comitán de Domínguez,264
6,19,Comitán de Domínguez,265
6,19,Comitán de Domínguez,267
6,19,Comitán de Domínguez,268
6,19,Comitán de Domínguez,269
6,19,Comitán de Domínguez,270
6,19,Comitán de Domínguez,271
6,19,Comitán de Domínguez,272
6,19,Comitán de Domínguez,273
6,19,Comitán de Domínguez,274
6,19,Comitán de Domínguez,275
6,19,Comitán de Domínguez,276
6,19,Comitán de Domínguez,277
6,19,Comitán de Domínguez,278
6,19,Comitán de Domínguez,279
6,19,Comitán de Domínguez,280
6,19,Comitán de Domínguez,281
6,19,Comitán de Domínguez,282
6,19,Comitán de Domínguez,283
6,19,Comitán de Domínguez,284
6,19,Comitán de Domínguez,285
6,19,Comitán de Domínguez,286
6,19,Comitán de Domínguez,287
6,19,Comitán de Domínguez,288
6,19,Comitán de Domínguez,289
6,19,Comitán de Domínguez,290
6,19,Comitán de Domínguez,291
6,19,Comitán de Domínguez,292
6,19,Comitán de Domínguez,2126
6,19,Comitán de Domínguez,2127
6,19,Comitán de Domínguez,2151
6,19,Comitán de Domínguez,2152
6,19,Comitán de Domínguez,2153
6,19,Comitán de Domínguez,2154
6,19,Comitán de Domínguez,2155
6,19,Comitán de Domínguez,2156
6,19,Comitán de Domínguez,2157
6,19,Comitán de Domínguez,2158
6,19,Comitán de Domínguez,2198
6,19,Comitán de Domínguez,2199
6,19,Comitán de Domínguez,2200
6,19,Comitán de Domínguez,2201
6,74,Las Rosas,1070
6,74,Las Rosas,1071
6,74,Las Rosas,1072
6,74,Las Rosas,1073
6,74,Las Rosas,1074
6,74,Las Rosas,1075
6,74,Las Rosas,1076
6,74,Las Rosas,1077
6,74,Las Rosas,1078
6,74,Las Rosas,1079
6,74,Las Rosas,1080
6,74,Las Rosas,1081
6,84,Socoltenango,1226
6,84,Socoltenango,1227
6,84,Socoltenango,1228
6,84,Socoltenango,1229
6,84,Socoltenango,1230
6,84,Socoltenango,1231
6,84,Socoltenango,1232
6,104,Tzimol,1771
6,104,Tzimol,1772
6,104,Tzimol,1773
6,104,Tzimol,1774
6,104,Tzimol,1775
6,104,Tzimol,1776
6,104,Tzimol,1777
7,59,Ocosingo,815
7,59,Ocosingo,817
7,59,Ocosingo,818
7,59,Ocosingo,819
7,59,Ocosingo,820
7,59,Ocosingo,827
7,59,Ocosingo,828
7,59,Ocosingo,831
7,59,Ocosingo,832
7,59,Ocosingo,833
7,59,Ocosingo,834
7,59,Ocosingo,835
7,59,Ocosingo,841
7,59,Ocosingo,844
7,59,Ocosingo,845
7,59,Ocosingo,846
7,59,Ocosingo,847
7,59,Ocosingo,850
7,59,Ocosingo,851
7,59,Ocosingo,852
7,59,Ocosingo,853
7,59,Ocosingo,854
7,59,Ocosingo,856
7,59,Ocosingo,858
7,59,Ocosingo,859
7,59,Ocosingo,860
7,59,Ocosingo,861
7,59,Ocosingo,862
7,59,Ocosingo,863
7,59,Ocosingo,865
7,59,Ocosingo,866
7,59,Ocosingo,871
7,59,Ocosingo,872
7,59,Ocosingo,881
7,59,Ocosingo,2076
7,59,Ocosingo,2077
7,59,Ocosingo,2078
7,59,Ocosingo,2079
7,59,Ocosingo,2080
7,59,Ocosingo,2081
7,59,Ocosingo,2082
7,59,Ocosingo,2083
7,59,Ocosingo,2178
7,59,Ocosingo,2179
7,59,Ocosingo,2180
7,59,Ocosingo,2181
7,59,Ocosingo,2253
7,59,Ocosingo,2254
7,59,Ocosingo,2255
7,59,Ocosingo,2256
7,59,Ocosingo,2257
7,59,Ocosingo,2258
7,59,Ocosingo,2259
7,59,Ocosingo,2260
7,59,Ocosingo,2261
7,59,Ocosingo,2262
7,59,Ocosingo,2263
7,59,Ocosingo,2264
7,59,Ocosingo,2265
7,59,Ocosingo,2266
7,59,Ocosingo,2267
7,59,Ocosingo,2268
7,59,Ocosingo,2269
7,59,Ocosingo,2270
7,59,Ocosingo,2271
7,59,Ocosingo,2272
7,59,Ocosingo,2273
7,59,Ocosingo,2274
7,59,Ocosingo,2275
7,59,Ocosingo,2276
7,59,Ocosingo,2277
7,59,Ocosingo,2278
7,59,Ocosingo,2279
7,113,Benemérito de las Américas,867
7,113,Benemérito de las Américas,868
7,113,Benemérito de las Américas,869
7,113,Benemérito de las Américas,874
7,113,Benemérito de las Américas,878
7,113,Benemérito de las Américas,879
7,115,Marques de Comillas,873
7,115,Marques de Comillas,875
7,115,Marques de Comillas,877
7,115,Marques de Comillas,880
7,115,Marques de Comillas,2280
7,115,Marques de Comillas,2281
7,115,Marques de Comillas,2282
8,14,El Bosque,155
8,14,El Bosque,156
8,14,El Bosque,157
8,14,El Bosque,158
8,14,El Bosque,159
8,14,El Bosque,161
8,14,El Bosque,162
8,14,El Bosque,2054
8,14,El Bosque,2055
8,22,Chalchihuitán,331
8,22,Chalchihuitán,332
8,22,Chalchihuitán,333
8,22,Chalchihuitán,2227
8,22,Chalchihuitán,2228
8,22,Chalchihuitán,2229
8,22,Chalchihuitán,2230
8,22,Chalchihuitán,2231
8,22,Chalchihuitán,2232
8,26,Chenalhó,384
8,26,Chenalhó,385
8,26,Chenalhó,386
8,26,Chenalhó,387
8,26,Chenalhó,388
8,26,Chenalhó,389
8,26,Chenalhó,390
8,26,Chenalhó,391
8,26,Chenalhó,392
8,26,Chenalhó,394
8,26,Chenalhó,395
8,26,Chenalhó,396
8,26,Chenalhó,397
8,26,Chenalhó,400
8,26,Chenalhó,401
8,26,Chenalhó,2056
8,26,Chenalhó,2057
8,26,Chenalhó,2058
8,38,Huitiupán,556
8,38,Huitiupán,557
8,38,Huitiupán,558
8,38,Huitiupán,559
8,38,Huitiupán,560
8,38,Huitiupán,561
8,38,Huitiupán,562
8,38,Huitiupán,563
8,38,Huitiupán,564
8,38,Huitiupán,565
8,49,Larráinzar,682
8,49,Larráinzar,683
8,49,Larráinzar,684
8,49,Larráinzar,686
8,49,Larráinzar,687
8,49,Larráinzar,688
8,49,Larráinzar,689
8,49,Larráinzar,690
8,49,Larráinzar,691
8,82,Simojovel,1207
8,82,Simojovel,1208
8,82,Simojovel,1209
8,82,Simojovel,1210
8,82,Simojovel,1211
8,82,Simojovel,1212
8,82,Simojovel,1214
8,82,Simojovel,1216
8,82,Simojovel,1217
8,82,Simojovel,1218
8,82,Simojovel,1220
8,82,Simojovel,1221
8,82,Simojovel,2241
8,82,Simojovel,2242
8,82,Simojovel,2243
8,82,Simojovel,2244
8,82,Simojovel,2245
8,82,Simojovel,2246
8,82,Simojovel,2247
8,82,Simojovel,2248
8,82,Simojovel,2249
8,112,Aldama,398
8,112,Aldama,399
8,118,Santiago el Pinar,685
9,16,Catazajá,186
9,16,Catazajá,187
9,16,Catazajá,188
9,16,Catazajá,189
9,16,Catazajá,190
9,16,Catazajá,191
9,16,Catazajá,192
9,16,Catazajá,193
9,16,Catazajá,194
9,16,Catazajá,195
9,16,Catazajá,196
9,50,La Libertad,692
9,50,La Libertad,693
9,50,La Libertad,694
9,50,La Libertad,695
9,50,La Libertad,696
9,65,Palenque,944
9,65,Palenque,945
9,65,Palenque,946
9,65,Palenque,948
9,65,Palenque,949
9,65,Palenque,950
9,65,Palenque,951
9,65,Palenque,953
9,65,Palenque,954
9,65,Palenque,955
9,65,Palenque,956
9,65,Palenque,957
9,65,Palenque,958
9,65,Palenque,959
9,65,Palenque,960
9,65,Palenque,961
9,65,Palenque,962
9,65,Palenque,963
9,65,Palenque,964
9,65,Palenque,965
9,65,Palenque,966
9,65,Palenque,967
9,65,Palenque,968
9,65,Palenque,969
9,65,Palenque,970
9,65,Palenque,971
9,65,Palenque,972
9,65,Palenque,974
9,65,Palenque,976
9,65,Palenque,2050
9,65,Palenque,2051
9,65,Palenque,2052
9,65,Palenque,2053
9,65,Palenque,2174
9,65,Palenque,2175
9,65,Palenque,2176
9,65,Palenque,2177
9,65,Palenque,2215
9,65,Palenque,2216
9,76,Salto de Agua,1092
9,76,Salto de Agua,1093
9,76,Salto de Agua,1094
9,76,Salto de Agua,1095
9,76,Salto de Agua,1096
9,76,Salto de Agua,1097
9,76,Salto de Agua,1099
9,76,Salto de Agua,1101
9,76,Salto de Agua,1102
9,76,Salto de Agua,1103
9,76,Salto de Agua,1104
9,76,Salto de Agua,1105
9,76,Salto de Agua,1106
9,76,Salto de Agua,1107
9,76,Salto de Agua,1108
9,76,Salto de Agua,1109
9,76,Salto de Agua,1110
9,76,Salto de Agua,1111
9,76,Salto de Agua,1112
9,76,Salto de Agua,2219
9,76,Salto de Agua,2220
9,76,Salto de Agua,2221
9,76,Salto de Agua,2222
9,76,Salto de Agua,2223
10,11,Bella Vista,116
10,11,Bella Vista,117
10,11,Bella Vista,118
10,11,Bella Vista,119
10,11,Bella Vista,120
10,11,Bella Vista,121
10,11,Bella Vista,122
10,11,Bella Vista,123
10,11,Bella Vista,124
10,11,Bella Vista,125
10,11,Bella Vista,126
10,11,Bella Vista,127
10,11,Bella Vista,128
10,11,Bella Vista,129
10,30,Chicomuselo,439
10,30,Chicomuselo,440
10,30,Chicomuselo,441
10,30,Chicomuselo,442
10,30,Chicomuselo,443
10,30,Chicomuselo,444
10,30,Chicomuselo,445
10,30,Chicomuselo,446
10,30,Chicomuselo,447
10,30,Chicomuselo,448
10,30,Chicomuselo,449
10,30,Chicomuselo,450
10,30,Chicomuselo,451
10,30,Chicomuselo,452
10,30,Chicomuselo,453
10,30,Chicomuselo,454
10,30,Chicomuselo,455
10,34,Frontera Comalapa,505
10,34,Frontera Comalapa,506
10,34,Frontera Comalapa,508
10,34,Frontera Comalapa,509
10,34,Frontera Comalapa,510
10,34,Frontera Comalapa,511
10,34,Frontera Comalapa,512
10,34,Frontera Comalapa,513
10,34,Frontera Comalapa,514
10,34,Frontera Comalapa,515
10,34,Frontera Comalapa,516
10,34,Frontera Comalapa,517
10,34,Frontera Comalapa,518
10,34,Frontera Comalapa,519
10,34,Frontera Comalapa,520
10,34,Frontera Comalapa,521
10,34,Frontera Comalapa,522
10,34,Frontera Comalapa,523
10,34,Frontera Comalapa,524
10,34,Frontera Comalapa,525
10,34,Frontera Comalapa,526
10,34,Frontera Comalapa,527
10,34,Frontera Comalapa,528
10,34,Frontera Comalapa,529
10,34,Frontera Comalapa,530
10,34,Frontera Comalapa,531
10,34,Frontera Comalapa,2128
10,34,Frontera Comalapa,2129
10,34,Frontera Comalapa,2130
10,34,Frontera Comalapa,2308
10,34,Frontera Comalapa,2309
10,99,La Trinitaria,1532
10,99,La Trinitaria,1533
10,99,La Trinitaria,1534
10,99,La Trinitaria,1535
10,99,La Trinitaria,1536
10,99,La Trinitaria,1537
10,99,La Trinitaria,1538
10,99,La Trinitaria,1539
10,99,La Trinitaria,1540
10,99,La Trinitaria,1541
10,99,La Trinitaria,1542
10,99,La Trinitaria,1543
10,99,La Trinitaria,1544
10,99,La Trinitaria,1545
10,99,La Trinitaria,1546
10,99,La Trinitaria,1547
10,99,La Trinitaria,1548
10,99,La Trinitaria,1549
10,99,La Trinitaria,1550
10,99,La Trinitaria,1551
10,99,La Trinitaria,1552
10,99,La Trinitaria,1553
10,99,La Trinitaria,1554
10,99,La Trinitaria,1555
10,99,La Trinitaria,1556
10,99,La Trinitaria,1557
10,99,La Trinitaria,1558
10,99,La Trinitaria,1559
10,99,La Trinitaria,1560
10,99,La Trinitaria,1561
10,99,La Trinitaria,1562
10,99,La Trinitaria,1563
10,99,La Trinitaria,1564
10,99,La Trinitaria,1565
10,99,La Trinitaria,1566
10,99,La Trinitaria,1567
11,5,Amatán,44
11,5,Amatán,45
11,5,Amatán,46
11,5,Amatán,47
11,5,Amatán,48
11,5,Amatán,49
11,5,Amatán,50
11,5,Amatán,51
11,5,Amatán,52
11,5,Amatán,53
11,13,Bochil,144
11,13,Bochil,145
11,13,Bochil,146
11,13,Bochil,147
11,13,Bochil,148
11,13,Bochil,149
11,13,Bochil,150
11,13,Bochil,151
11,13,Bochil,152
11,13,Bochil,153
11,13,Bochil,154
11,18,Coapilla,234
11,18,Coapilla,235
11,18,Coapilla,236
11,18,Coapilla,237
11,18,Coapilla,238
11,42,Ixhuatán,617
11,42,Ixhuatán,618
11,42,Ixhuatán,619
11,42,Ixhuatán,620
11,47,Jitotol,662
11,47,Jitotol,663
11,47,Jitotol,664
11,47,Jitotol,665
11,47,Jitotol,666
11,47,Jitotol,668
11,47,Jitotol,2233
11,47,Jitotol,2234
11,60,Ocotepec,882
11,60,Ocotepec,883
11,60,Ocotepec,884
11,67,Pantepec,985
11,67,Pantepec,986
11,67,Pantepec,987
11,67,Pantepec,988
11,67,Pantepec,989
11,71,Pueblo Nuevo Solistahuacán,1039
11,71,Pueblo Nuevo Solistahuacán,1040
11,71,Pueblo Nuevo Solistahuacán,1041
11,71,Pueblo Nuevo Solistahuacán,1042
11,71,Pueblo Nuevo Solistahuacán,1043
11,71,Pueblo Nuevo Solistahuacán,1044
11,71,Pueblo Nuevo Solistahuacán,1048
11,71,Pueblo Nuevo Solistahuacán,2235
11,71,Pueblo Nuevo Solistahuacán,2236
11,71,Pueblo Nuevo Solistahuacán,2237
11,72,Rayón,1049
11,72,Rayón,1050
11,72,Rayón,1051
11,86,Soyaló,1236
11,86,Soyaló,1237
11,86,Soyaló,1238
11,86,Soyaló,1239
11,91,Tapalapa,1404
11,91,Tapalapa,1405
11,92,Tapilula,1406
11,92,Tapilula,1407
11,92,Tapilula,1408
11,92,Tapilula,1409
11,92,Tapilula,1410
11,117,San Andrés Duraznal,2238
11,117,San Andrés Duraznal,2239
11,117,San Andrés Duraznal,2240
11,120,Rincón Chamula San Pedro,1045
11,120,Rincón Chamula San Pedro,1046
12,21,Copainalá,317
12,21,Copainalá,318
12,21,Copainalá,319
12,21,Copainalá,320
12,21,Copainalá,321
12,21,Copainalá,322
12,21,Copainalá,323
12,21,Copainalá,324
12,21,Copainalá,325
12,21,Copainalá,326
12,21,Copainalá,327
12,21,Copainalá,328
12,21,Copainalá,329
12,21,Copainalá,330
12,25,Chapultenango,381
12,25,Chapultenango,382
12,25,Chapultenango,383
12,33,Francisco León,503
12,33,Francisco León,2288
12,33,Francisco León,2289
12,33,Francisco León,2290
12,33,Francisco León,2291
12,33,Francisco León,2292
12,43,Ixtacomitán,621
12,43,Ixtacomitán,622
12,43,Ixtacomitán,623
12,43,Ixtacomitán,624
12,43,Ixtacomitán,625
12,43,Ixtacomitán,626
12,45,Ixtapangajoya,636
12,45,Ixtapangajoya,637
12,48,Juárez,669
12,48,Juárez,670
12,48,Juárez,671
12,48,Juárez,672
12,48,Juárez,673
12,48,Juárez,674
12,48,Juárez,675
12,48,Juárez,676
12,48,Juárez,677
12,48,Juárez,678
12,48,Juárez,679
12,48,Juárez,680
12,48,Juárez,681
12,62,Ostuacán,914
12,62,Ostuacán,915
12,62,Ostuacán,916
12,62,Ostuacán,917
12,62,Ostuacán,918
12,62,Ostuacán,919
12,62,Ostuacán,920
12,62,Ostuacán,921
12,62,Ostuacán,922
12,62,Ostuacán,2084
12,62,Ostuacán,2085
12,68,Pichucalco,990
12,68,Pichucalco,991
12,68,Pichucalco,992
12,68,Pichucalco,993
12,68,Pichucalco,994
12,68,Pichucalco,995
12,68,Pichucalco,996
12,68,Pichucalco,997
12,68,Pichucalco,998
12,68,Pichucalco,999
12,68,Pichucalco,1000
12,68,Pichucalco,1001
12,68,Pichucalco,1002
12,68,Pichucalco,1003
12,68,Pichucalco,1004
12,68,Pichucalco,1005
12,68,Pichucalco,1006
12,68,Pichucalco,1007
12,73,Reforma,1052
12,73,Reforma,1053
12,73,Reforma,1054
12,73,Reforma,1055
12,73,Reforma,1056
12,73,Reforma,1058
12,73,Reforma,1059
12,73,Reforma,1060
12,73,Reforma,1061
12,73,Reforma,1062
12,73,Reforma,1063
12,73,Reforma,1064
12,73,Reforma,1065
12,73,Reforma,1066
12,73,Reforma,1067
12,73,Reforma,1068
12,73,Reforma,1069
12,73,Reforma,2086
12,73,Reforma,2087
12,73,Reforma,2088
12,85,Solosuchiapa,1233
12,85,Solosuchiapa,1234
12,85,Solosuchiapa,1235
12,89,Sunuapa,1264
12,93,Tecpatán,1411
12,93,Tecpatán,1412
12,93,Tecpatán,1413
12,93,Tecpatán,1416
12,93,Tecpatán,1417
12,93,Tecpatán,1418
12,93,Tecpatán,1422
12,93,Tecpatán,1423
12,93,Tecpatán,1424
12,93,Tecpatán,1425
12,93,Tecpatán,1426
12,93,Tecpatán,1427
12,93,Tecpatán,1437
12,123,Mezcalapa,1414
12,123,Mezcalapa,1415
12,123,Mezcalapa,1419
12,123,Mezcalapa,1420
12,123,Mezcalapa,1421
12,123,Mezcalapa,1428
12,123,Mezcalapa,1429
12,123,Mezcalapa,1430
12,123,Mezcalapa,1431
12,123,Mezcalapa,1432
12,123,Mezcalapa,1433
12,123,Mezcalapa,1434
12,123,Mezcalapa,1435
12,123,Mezcalapa,1436
13,102,Tuxtla Gutiérrez ,1648
13,102,Tuxtla Gutiérrez ,1649
13,102,Tuxtla Gutiérrez ,1650
13,102,Tuxtla Gutiérrez ,1651
13,102,Tuxtla Gutiérrez ,1652
13,102,Tuxtla Gutiérrez ,1654
13,102,Tuxtla Gutiérrez ,1664
13,102,Tuxtla Gutiérrez ,1665
13,102,Tuxtla Gutiérrez ,1666
13,102,Tuxtla Gutiérrez ,1667
13,102,Tuxtla Gutiérrez ,1668
13,102,Tuxtla Gutiérrez ,1669
13,102,Tuxtla Gutiérrez ,1670
13,102,Tuxtla Gutiérrez ,1671
13,102,Tuxtla Gutiérrez ,1673
13,102,Tuxtla Gutiérrez ,1675
13,102,Tuxtla Gutiérrez ,1676
13,102,Tuxtla Gutiérrez ,1677
13,102,Tuxtla Gutiérrez ,1678
13,102,Tuxtla Gutiérrez ,1679
13,102,Tuxtla Gutiérrez ,1680
13,102,Tuxtla Gutiérrez ,1681
13,102,Tuxtla Gutiérrez ,1682
13,102,Tuxtla Gutiérrez ,1683
13,102,Tuxtla Gutiérrez ,1687
13,102,Tuxtla Gutiérrez ,1688
13,102,Tuxtla Gutiérrez ,1689
13,102,Tuxtla Gutiérrez ,1690
13,102,Tuxtla Gutiérrez ,1691
13,102,Tuxtla Gutiérrez ,1692
13,102,Tuxtla Gutiérrez ,1693
13,102,Tuxtla Gutiérrez ,1694
13,102,Tuxtla Gutiérrez ,1695
13,102,Tuxtla Gutiérrez ,1696
13,102,Tuxtla Gutiérrez ,1697
13,102,Tuxtla Gutiérrez ,1698
13,102,Tuxtla Gutiérrez ,1699
13,102,Tuxtla Gutiérrez ,1700
13,102,Tuxtla Gutiérrez ,1701
13,102,Tuxtla Gutiérrez ,1702
13,102,Tuxtla Gutiérrez ,1704
13,102,Tuxtla Gutiérrez ,1705
13,102,Tuxtla Gutiérrez ,1706
13,102,Tuxtla Gutiérrez ,1707
13,102,Tuxtla Gutiérrez ,1708
13,102,Tuxtla Gutiérrez ,1709
13,102,Tuxtla Gutiérrez ,1710
13,102,Tuxtla Gutiérrez ,1711
13,102,Tuxtla Gutiérrez ,1712
13,102,Tuxtla Gutiérrez ,1713
13,102,Tuxtla Gutiérrez ,1714
13,102,Tuxtla Gutiérrez ,1715
13,102,Tuxtla Gutiérrez ,1716
13,102,Tuxtla Gutiérrez ,1717
13,102,Tuxtla Gutiérrez ,1718
13,102,Tuxtla Gutiérrez ,1719
13,102,Tuxtla Gutiérrez ,1720
13,102,Tuxtla Gutiérrez ,1721
13,102,Tuxtla Gutiérrez ,1722
13,102,Tuxtla Gutiérrez ,1723
13,102,Tuxtla Gutiérrez ,1724
13,102,Tuxtla Gutiérrez ,1725
13,102,Tuxtla Gutiérrez ,1726
13,102,Tuxtla Gutiérrez ,1727
13,102,Tuxtla Gutiérrez ,1728
13,102,Tuxtla Gutiérrez ,1729
13,102,Tuxtla Gutiérrez ,1730
13,102,Tuxtla Gutiérrez ,1732
13,102,Tuxtla Gutiérrez ,1733
13,102,Tuxtla Gutiérrez ,1734
13,102,Tuxtla Gutiérrez ,1735
13,102,Tuxtla Gutiérrez ,1738
13,102,Tuxtla Gutiérrez ,1741
13,102,Tuxtla Gutiérrez ,1742
13,102,Tuxtla Gutiérrez ,1745
13,102,Tuxtla Gutiérrez ,1746
13,102,Tuxtla Gutiérrez ,1747
13,102,Tuxtla Gutiérrez ,1748
13,102,Tuxtla Gutiérrez ,1752
13,102,Tuxtla Gutiérrez ,1753
13,102,Tuxtla Gutiérrez ,2116
13,102,Tuxtla Gutiérrez ,2117
13,102,Tuxtla Gutiérrez ,2118
13,102,Tuxtla Gutiérrez ,2119
13,102,Tuxtla Gutiérrez ,2191
13,102,Tuxtla Gutiérrez ,2192
13,102,Tuxtla Gutiérrez ,2193
13,102,Tuxtla Gutiérrez ,2194
13,102,Tuxtla Gutiérrez ,2195
13,102,Tuxtla Gutiérrez ,2196
13,102,Tuxtla Gutiérrez ,2197
13,102,Tuxtla Gutiérrez ,2202
13,102,Tuxtla Gutiérrez ,2203
13,102,Tuxtla Gutiérrez ,2204
13,102,Tuxtla Gutiérrez ,2205
13,102,Tuxtla Gutiérrez ,2379
13,102,Tuxtla Gutiérrez ,2380
13,102,Tuxtla Gutiérrez ,2381
13,102,Tuxtla Gutiérrez ,2382
13,102,Tuxtla Gutiérrez ,2383
13,102,Tuxtla Gutiérrez ,2384
13,102,Tuxtla Gutiérrez ,2385
14,17,Cintalapa,197
14,17,Cintalapa,198
14,17,Cintalapa,199
14,17,Cintalapa,200
14,17,Cintalapa,201
14,17,Cintalapa,202
14,17,Cintalapa,203
14,17,Cintalapa,204
14,17,Cintalapa,205
14,17,Cintalapa,206
14,17,Cintalapa,207
14,17,Cintalapa,208
14,17,Cintalapa,209
14,17,Cintalapa,210
14,17,Cintalapa,212
14,17,Cintalapa,213
14,17,Cintalapa,214
14,17,Cintalapa,215
14,17,Cintalapa,216
14,17,Cintalapa,217
14,17,Cintalapa,218
14,17,Cintalapa,219
14,17,Cintalapa,220
14,17,Cintalapa,221
14,17,Cintalapa,222
14,17,Cintalapa,223
14,17,Cintalapa,224
14,17,Cintalapa,225
14,17,Cintalapa,226
14,17,Cintalapa,227
14,17,Cintalapa,228
14,17,Cintalapa,229
14,17,Cintalapa,230
14,17,Cintalapa,231
14,17,Cintalapa,232
14,17,Cintalapa,233
14,17,Cintalapa,2170
14,17,Cintalapa,2171
14,46,Jiquipilas,638
14,46,Jiquipilas,639
14,46,Jiquipilas,640
14,46,Jiquipilas,641
14,46,Jiquipilas,642
14,46,Jiquipilas,643
14,46,Jiquipilas,644
14,46,Jiquipilas,645
14,46,Jiquipilas,646
14,46,Jiquipilas,647
14,46,Jiquipilas,648
14,46,Jiquipilas,649
14,46,Jiquipilas,650
14,46,Jiquipilas,651
14,46,Jiquipilas,652
14,46,Jiquipilas,653
14,46,Jiquipilas,654
14,46,Jiquipilas,655
14,46,Jiquipilas,656
14,46,Jiquipilas,657
14,46,Jiquipilas,658
14,46,Jiquipilas,659
14,46,Jiquipilas,660
14,46,Jiquipilas,661
14,61,Ocozocoautla de Espinoza,885
14,61,Ocozocoautla de Espinoza,886
14,61,Ocozocoautla de Espinoza,887
14,61,Ocozocoautla de Espinoza,888
14,61,Ocozocoautla de Espinoza,889
14,61,Ocozocoautla de Espinoza,890
14,61,Ocozocoautla de Espinoza,891
14,61,Ocozocoautla de Espinoza,892
14,61,Ocozocoautla de Espinoza,893
14,61,Ocozocoautla de Espinoza,894
14,61,Ocozocoautla de Espinoza,895
14,61,Ocozocoautla de Espinoza,896
14,61,Ocozocoautla de Espinoza,897
14,61,Ocozocoautla de Espinoza,898
14,61,Ocozocoautla de Espinoza,899
14,61,Ocozocoautla de Espinoza,901
14,61,Ocozocoautla de Espinoza,902
14,61,Ocozocoautla de Espinoza,903
14,61,Ocozocoautla de Espinoza,904
14,61,Ocozocoautla de Espinoza,905
14,61,Ocozocoautla de Espinoza,906
14,61,Ocozocoautla de Espinoza,907
14,61,Ocozocoautla de Espinoza,908
14,61,Ocozocoautla de Espinoza,909
14,61,Ocozocoautla de Espinoza,910
14,61,Ocozocoautla de Espinoza,911
14,61,Ocozocoautla de Espinoza,912
14,61,Ocozocoautla de Espinoza,2109
14,61,Ocozocoautla de Espinoza,2110
14,61,Ocozocoautla de Espinoza,2111
14,61,Ocozocoautla de Espinoza,2112
15,1,Acacoyagua,2
15,1,Acacoyagua,3
15,1,Acacoyagua,4
15,1,Acacoyagua,5
15,1,Acacoyagua,6
15,1,Acacoyagua,2120
15,1,Acacoyagua,2121
15,9,Arriaga,88
15,9,Arriaga,89
15,9,Arriaga,90
15,9,Arriaga,91
15,9,Arriaga,92
15,9,Arriaga,93
15,9,Arriaga,94
15,9,Arriaga,95
15,9,Arriaga,96
15,9,Arriaga,97
15,9,Arriaga,99
15,9,Arriaga,100
15,9,Arriaga,101
15,9,Arriaga,102
15,9,Arriaga,103
15,9,Arriaga,104
15,9,Arriaga,105
15,9,Arriaga,106
15,9,Arriaga,107
15,9,Arriaga,108
15,9,Arriaga,109
15,9,Arriaga,110
15,9,Arriaga,111
15,9,Arriaga,112
15,9,Arriaga,2300
15,9,Arriaga,2301
15,51,Mapastepec,698
15,51,Mapastepec,699
15,51,Mapastepec,700
15,51,Mapastepec,701
15,51,Mapastepec,702
15,51,Mapastepec,703
15,51,Mapastepec,704
15,51,Mapastepec,705
15,51,Mapastepec,706
15,51,Mapastepec,707
15,51,Mapastepec,708
15,51,Mapastepec,709
15,51,Mapastepec,710
15,51,Mapastepec,711
15,51,Mapastepec,712
15,51,Mapastepec,713
15,51,Mapastepec,714
15,51,Mapastepec,715
15,51,Mapastepec,716
15,51,Mapastepec,717
15,51,Mapastepec,2124
15,51,Mapastepec,2125
15,69,Pijijiapan,1008
15,69,Pijijiapan,1009
15,69,Pijijiapan,1010
15,69,Pijijiapan,1011
15,69,Pijijiapan,1012
15,69,Pijijiapan,1013
15,69,Pijijiapan,1015
15,69,Pijijiapan,1016
15,69,Pijijiapan,1017
15,69,Pijijiapan,1018
15,69,Pijijiapan,1019
15,69,Pijijiapan,1020
15,69,Pijijiapan,1021
15,69,Pijijiapan,1022
15,69,Pijijiapan,1023
15,69,Pijijiapan,1024
15,69,Pijijiapan,1025
15,69,Pijijiapan,1026
15,69,Pijijiapan,1027
15,69,Pijijiapan,1028
15,69,Pijijiapan,1029
15,69,Pijijiapan,1030
15,69,Pijijiapan,1031
15,69,Pijijiapan,1032
15,69,Pijijiapan,1033
15,69,Pijijiapan,2302
15,69,Pijijiapan,2303
15,97,Tonalá,1486
15,97,Tonalá,1487
15,97,Tonalá,1488
15,97,Tonalá,1489
15,97,Tonalá,1490
15,97,Tonalá,1491
15,97,Tonalá,1492
15,97,Tonalá,1493
15,97,Tonalá,1494
15,97,Tonalá,1495
15,97,Tonalá,1496
15,97,Tonalá,1497
15,97,Tonalá,1498
15,97,Tonalá,1500
15,97,Tonalá,1501
15,97,Tonalá,1503
15,97,Tonalá,1504
15,97,Tonalá,1505
15,97,Tonalá,1506
15,97,Tonalá,1507
15,97,Tonalá,1508
15,97,Tonalá,1509
15,97,Tonalá,1510
15,97,Tonalá,1511
15,97,Tonalá,1512
15,97,Tonalá,1513
15,97,Tonalá,1514
15,97,Tonalá,1515
15,97,Tonalá,1516
15,97,Tonalá,1517
15,97,Tonalá,1518
15,97,Tonalá,1519
15,97,Tonalá,1520
15,97,Tonalá,1521
15,97,Tonalá,1522
15,97,Tonalá,1523
15,97,Tonalá,1524
15,97,Tonalá,1525
15,97,Tonalá,1526
15,97,Tonalá,1527
15,97,Tonalá,1528
15,97,Tonalá,2304
15,97,Tonalá,2305
15,97,Tonalá,2306
15,97,Tonalá,2307
16,3,Acapetahua,21
16,3,Acapetahua,22
16,3,Acapetahua,23
16,3,Acapetahua,24
16,3,Acapetahua,25
16,3,Acapetahua,26
16,3,Acapetahua,27
16,3,Acapetahua,28
16,3,Acapetahua,29
16,3,Acapetahua,30
16,3,Acapetahua,31
16,3,Acapetahua,32
16,3,Acapetahua,33
16,3,Acapetahua,34
16,32,Escuintla,489
16,32,Escuintla,490
16,32,Escuintla,492
16,32,Escuintla,493
16,32,Escuintla,494
16,32,Escuintla,495
16,32,Escuintla,496
16,32,Escuintla,497
16,32,Escuintla,498
16,32,Escuintla,499
16,32,Escuintla,500
16,32,Escuintla,501
16,32,Escuintla,2122
16,32,Escuintla,2123
16,32,Escuintla,2146
16,37,Huehuetán,540
16,37,Huehuetán,541
16,37,Huehuetán,542
16,37,Huehuetán,543
16,37,Huehuetán,544
16,37,Huehuetán,545
16,37,Huehuetán,546
16,37,Huehuetán,547
16,37,Huehuetán,548
16,37,Huehuetán,549
16,37,Huehuetán,550
16,37,Huehuetán,551
16,37,Huehuetán,553
16,37,Huehuetán,554
16,37,Huehuetán,555
16,37,Huehuetán,2369
16,37,Huehuetán,2370
16,37,Huehuetán,2371
16,40,Huixtla,577
16,40,Huixtla,578
16,40,Huixtla,579
16,40,Huixtla,580
16,40,Huixtla,581
16,40,Huixtla,582
16,40,Huixtla,583
16,40,Huixtla,584
16,40,Huixtla,585
16,40,Huixtla,586
16,40,Huixtla,587
16,40,Huixtla,588
16,40,Huixtla,589
16,40,Huixtla,590
16,40,Huixtla,591
16,40,Huixtla,592
16,40,Huixtla,593
16,40,Huixtla,594
16,40,Huixtla,595
16,40,Huixtla,596
16,40,Huixtla,597
16,40,Huixtla,598
16,40,Huixtla,599
16,40,Huixtla,600
16,40,Huixtla,601
16,54,Mazatán,765
16,54,Mazatán,766
16,54,Mazatán,767
16,54,Mazatán,768
16,54,Mazatán,769
16,54,Mazatán,770
16,54,Mazatán,771
16,54,Mazatán,772
16,54,Mazatán,773
16,54,Mazatán,774
16,54,Mazatán,775
16,54,Mazatán,776
16,54,Mazatán,777
16,54,Mazatán,778
16,54,Mazatán,779
16,103,Tuzantán,1755
16,103,Tuzantán,1756
16,103,Tuzantán,1757
16,103,Tuzantán,1758
16,103,Tuzantán,1759
16,103,Tuzantán,1760
16,103,Tuzantán,1761
16,103,Tuzantán,1762
16,103,Tuzantán,1763
16,103,Tuzantán,1764
16,103,Tuzantán,1765
16,103,Tuzantán,1766
16,103,Tuzantán,1767
16,103,Tuzantán,1768
16,103,Tuzantán,1769
16,103,Tuzantán,1770
16,107,Villa Comaltitlán,1812
16,107,Villa Comaltitlán,1813
16,107,Villa Comaltitlán,1814
16,107,Villa Comaltitlán,1815
16,107,Villa Comaltitlán,1816
16,107,Villa Comaltitlán,1817
16,107,Villa Comaltitlán,1818
16,107,Villa Comaltitlán,1819
16,107,Villa Comaltitlán,1820
16,107,Villa Comaltitlán,1821
16,107,Villa Comaltitlán,1822
16,107,Villa Comaltitlán,1823
16,107,Villa Comaltitlán,1824
16,107,Villa Comaltitlán,1825
16,107,Villa Comaltitlán,1826
16,107,Villa Comaltitlán,1827
17,6,Amatenango de la Frontera,54
17,6,Amatenango de la Frontera,55
17,6,Amatenango de la Frontera,56
17,6,Amatenango de la Frontera,57
17,6,Amatenango de la Frontera,58
17,6,Amatenango de la Frontera,59
17,6,Amatenango de la Frontera,60
17,6,Amatenango de la Frontera,61
17,6,Amatenango de la Frontera,62
17,6,Amatenango de la Frontera,63
17,6,Amatenango de la Frontera,64
17,6,Amatenango de la Frontera,65
17,6,Amatenango de la Frontera,66
17,6,Amatenango de la Frontera,67
17,8,Ángel Albino Corzo,72
17,8,Ángel Albino Corzo,73
17,8,Ángel Albino Corzo,74
17,8,Ángel Albino Corzo,75
17,8,Ángel Albino Corzo,76
17,8,Ángel Albino Corzo,77
17,8,Ángel Albino Corzo,78
17,8,Ángel Albino Corzo,79
17,8,Ángel Albino Corzo,80
17,8,Ángel Albino Corzo,82
17,8,Ángel Albino Corzo,84
17,8,Ángel Albino Corzo,85
17,10,Bejucal de Ocampo,113
17,10,Bejucal de Ocampo,114
17,10,Bejucal de Ocampo,115
17,36,La Grandeza,537
17,36,La Grandeza,538
17,36,La Grandeza,539
17,53,Mazapa de Madero,760
17,53,Mazapa de Madero,761
17,53,Mazapa de Madero,762
17,53,Mazapa de Madero,763
17,53,Mazapa de Madero,764
17,57,Motozintla,788
17,57,Motozintla,790
17,57,Motozintla,791
17,57,Motozintla,792
17,57,Motozintla,793
17,57,Motozintla,794
17,57,Motozintla,795
17,57,Motozintla,796
17,57,Motozintla,797
17,57,Motozintla,798
17,57,Motozintla,799
17,57,Motozintla,800
17,57,Motozintla,801
17,57,Motozintla,802
17,57,Motozintla,803
17,57,Motozintla,804
17,57,Motozintla,805
17,57,Motozintla,806
17,57,Motozintla,807
17,57,Motozintla,808
17,57,Motozintla,809
17,57,Motozintla,810
17,57,Motozintla,811
17,57,Motozintla,812
17,57,Motozintla,813
17,57,Motozintla,2144
17,57,Motozintla,2145
17,57,Motozintla,2372
17,57,Motozintla,2373
17,70,El Porvenir,1034
17,70,El Porvenir,1035
17,70,El Porvenir,1036
17,70,El Porvenir,1037
17,70,El Porvenir,1038
17,81,Siltepec,1189
17,81,Siltepec,1190
17,81,Siltepec,1192
17,81,Siltepec,1193
17,81,Siltepec,1199
17,81,Siltepec,1200
17,81,Siltepec,1201
17,81,Siltepec,1202
17,81,Siltepec,1203
17,81,Siltepec,1204
17,81,Siltepec,1206
17,116,Montecristo de Guerrero,81
17,116,Montecristo de Guerrero,83
17,116,Montecristo de Guerrero,86
17,116,Montecristo de Guerrero,87
17,119,Capitán Luis Ángel Vidal,1196
17,119,Capitán Luis Ángel Vidal,1197
17,124,Honduras de la Sierra,1191
17,124,Honduras de la Sierra,1194
17,124,Honduras de la Sierra,1195
17,124,Honduras de la Sierra,1198
17,124,Honduras de la Sierra,1205
18,15,Cacahoatán,163
18,15,Cacahoatán,164
18,15,Cacahoatán,165
18,15,Cacahoatán,166
18,15,Cacahoatán,167
18,15,Cacahoatán,168
18,15,Cacahoatán,169
18,15,Cacahoatán,170
18,15,Cacahoatán,171
18,15,Cacahoatán,172
18,15,Cacahoatán,173
18,15,Cacahoatán,174
18,15,Cacahoatán,175
18,15,Cacahoatán,176
18,15,Cacahoatán,177
18,15,Cacahoatán,178
18,15,Cacahoatán,179
18,15,Cacahoatán,180
18,15,Cacahoatán,181
18,15,Cacahoatán,182
18,15,Cacahoatán,183
18,15,Cacahoatán,184
18,15,Cacahoatán,185
18,35,Frontera Hidalgo,533
18,35,Frontera Hidalgo,534
18,35,Frontera Hidalgo,535
18,35,Frontera Hidalgo,536
18,35,Frontera Hidalgo,2139
18,35,Frontera Hidalgo,2140
18,35,Frontera Hidalgo,2141
18,55,Metapa de Domínguez,781
18,55,Metapa de Domínguez,2354
18,55,Metapa de Domínguez,2355
18,88,Suchiate,1247
18,88,Suchiate,1248
18,88,Suchiate,1249
18,88,Suchiate,1251
18,88,Suchiate,1252
18,88,Suchiate,1253
18,88,Suchiate,1254
18,88,Suchiate,1255
18,88,Suchiate,1256
18,88,Suchiate,1257
18,88,Suchiate,1258
18,88,Suchiate,1259
18,88,Suchiate,1260
18,88,Suchiate,1261
18,88,Suchiate,1262
18,88,Suchiate,1263
18,88,Suchiate,2356
18,88,Suchiate,2357
18,90,Tapachula,1276
18,90,Tapachula,1279
18,90,Tapachula,1280
18,90,Tapachula,1281
18,90,Tapachula,1282
18,90,Tapachula,1283
18,90,Tapachula,1290
18,90,Tapachula,1291
18,90,Tapachula,1292
18,90,Tapachula,1293
18,90,Tapachula,1294
18,90,Tapachula,1295
18,90,Tapachula,1296
18,90,Tapachula,1297
18,90,Tapachula,1298
18,90,Tapachula,1312
18,90,Tapachula,1344
18,90,Tapachula,1345
18,90,Tapachula,1346
18,90,Tapachula,1347
18,90,Tapachula,1348
18,90,Tapachula,1349
18,90,Tapachula,1350
18,90,Tapachula,1351
18,90,Tapachula,1352
18,90,Tapachula,1353
18,90,Tapachula,1354
18,90,Tapachula,1355
18,90,Tapachula,1356
18,90,Tapachula,1357
18,90,Tapachula,1358
18,90,Tapachula,1359
18,90,Tapachula,1360
18,90,Tapachula,1361
18,90,Tapachula,1362
18,90,Tapachula,1363
18,90,Tapachula,1364
18,90,Tapachula,1365
18,90,Tapachula,1366
18,90,Tapachula,1367
18,90,Tapachula,1368
18,90,Tapachula,1369
18,90,Tapachula,1370
18,90,Tapachula,1371
18,90,Tapachula,1372
18,90,Tapachula,1373
18,90,Tapachula,1374
18,90,Tapachula,1375
18,90,Tapachula,2360
18,90,Tapachula,2361
18,90,Tapachula,2362
18,90,Tapachula,2363
18,101,Tuxtla Chico,1580
18,101,Tuxtla Chico,1581
18,101,Tuxtla Chico,1582
18,101,Tuxtla Chico,1583
18,101,Tuxtla Chico,1584
18,101,Tuxtla Chico,1585
18,101,Tuxtla Chico,1586
18,101,Tuxtla Chico,1587
18,101,Tuxtla Chico,1588
18,101,Tuxtla Chico,1589
18,101,Tuxtla Chico,1590
18,101,Tuxtla Chico,1591
18,101,Tuxtla Chico,1592
18,101,Tuxtla Chico,1593
18,101,Tuxtla Chico,1594
18,101,Tuxtla Chico,1595
18,101,Tuxtla Chico,1596
18,101,Tuxtla Chico,1597
18,101,Tuxtla Chico,1598
18,101,Tuxtla Chico,1599
18,101,Tuxtla Chico,1600
18,101,Tuxtla Chico,1601
18,105,Unión Juárez,1778
18,105,Unión Juárez,1779
18,105,Unión Juárez,1780
18,105,Unión Juárez,1781
18,105,Unión Juárez,1782
18,105,Unión Juárez,1783
18,105,Unión Juárez,1784
18,105,Unión Juárez,1785
19,90,Tapachula,1265
19,90,Tapachula,1266
19,90,Tapachula,1268
19,90,Tapachula,1269
19,90,Tapachula,1271
19,90,Tapachula,1272
19,90,Tapachula,1274
19,90,Tapachula,1275
19,90,Tapachula,1277
19,90,Tapachula,1278
19,90,Tapachula,1284
19,90,Tapachula,1285
19,90,Tapachula,1286
19,90,Tapachula,1287
19,90,Tapachula,1288
19,90,Tapachula,1289
19,90,Tapachula,1299
19,90,Tapachula,1300
19,90,Tapachula,1301
19,90,Tapachula,1302
19,90,Tapachula,1303
19,90,Tapachula,1304
19,90,Tapachula,1305
19,90,Tapachula,1306
19,90,Tapachula,1307
19,90,Tapachula,1308
19,90,Tapachula,1309
19,90,Tapachula,1310
19,90,Tapachula,1311
19,90,Tapachula,1313
19,90,Tapachula,1314
19,90,Tapachula,1315
19,90,Tapachula,1316
19,90,Tapachula,1317
19,90,Tapachula,1318
19,90,Tapachula,1319
19,90,Tapachula,1320
19,90,Tapachula,1321
19,90,Tapachula,1322
19,90,Tapachula,1323
19,90,Tapachula,1324
19,90,Tapachula,1325
19,90,Tapachula,1326
19,90,Tapachula,1327
19,90,Tapachula,1328
19,90,Tapachula,1329
19,90,Tapachula,1330
19,90,Tapachula,1331
19,90,Tapachula,1332
19,90,Tapachula,1333
19,90,Tapachula,1334
19,90,Tapachula,1336
19,90,Tapachula,1337
19,90,Tapachula,1338
19,90,Tapachula,1339
19,90,Tapachula,1341
19,90,Tapachula,1342
19,90,Tapachula,1376
19,90,Tapachula,1377
19,90,Tapachula,1378
19,90,Tapachula,1379
19,90,Tapachula,1380
19,90,Tapachula,1381
19,90,Tapachula,1382
19,90,Tapachula,1383
19,90,Tapachula,1384
19,90,Tapachula,1385
19,90,Tapachula,1386
19,90,Tapachula,1387
19,90,Tapachula,1388
19,90,Tapachula,1389
19,90,Tapachula,1390
19,90,Tapachula,1391
19,90,Tapachula,1392
19,90,Tapachula,1393
19,90,Tapachula,1396
19,90,Tapachula,1397
19,90,Tapachula,1398
19,90,Tapachula,1399
19,90,Tapachula,1400
19,90,Tapachula,1976
19,90,Tapachula,1977
19,90,Tapachula,1978
19,90,Tapachula,1979
19,90,Tapachula,1980
19,90,Tapachula,1981
19,90,Tapachula,1982
19,90,Tapachula,1983
19,90,Tapachula,1984
19,90,Tapachula,1985
19,90,Tapachula,1986
19,90,Tapachula,1987
19,90,Tapachula,1988
19,90,Tapachula,1989
19,90,Tapachula,1990
19,90,Tapachula,1991
19,90,Tapachula,1992
19,90,Tapachula,1993
19,90,Tapachula,1994
19,90,Tapachula,1995
19,90,Tapachula,1996
19,90,Tapachula,1997
19,90,Tapachula,1998
19,90,Tapachula,1999
19,90,Tapachula,2000
19,90,Tapachula,2001
19,90,Tapachula,2002
19,90,Tapachula,2003
19,90,Tapachula,2004
19,90,Tapachula,2005
19,90,Tapachula,2006
19,90,Tapachula,2007
19,90,Tapachula,2008
19,90,Tapachula,2009
19,90,Tapachula,2010
19,90,Tapachula,2011
19,90,Tapachula,2047
19,90,Tapachula,2048
19,90,Tapachula,2142
19,90,Tapachula,2143
19,90,Tapachula,2147
19,90,Tapachula,2209
19,90,Tapachula,2210
19,90,Tapachula,2211
19,90,Tapachula,2212
19,90,Tapachula,2213
19,90,Tapachula,2214
19,90,Tapachula,2358
19,90,Tapachula,2359
19,90,Tapachula,2364
19,90,Tapachula,2365
19,90,Tapachula,2366
19,90,Tapachula,2367
19,90,Tapachula,2368
20,4,Altamirano,35
20,4,Altamirano,36
20,4,Altamirano,37
20,4,Altamirano,38
20,4,Altamirano,39
20,4,Altamirano,41
20,4,Altamirano,43
20,4,Altamirano,2318
20,4,Altamirano,2319
20,4,Altamirano,2320
20,4,Altamirano,2321
20,4,Altamirano,2322
20,4,Altamirano,2323
20,4,Altamirano,2324
20,4,Altamirano,2325
20,41,La Independencia,603
20,41,La Independencia,604
20,41,La Independencia,605
20,41,La Independencia,606
20,41,La Independencia,607
20,41,La Independencia,609
20,41,La Independencia,610
20,41,La Independencia,611
20,41,La Independencia,612
20,41,La Independencia,613
20,41,La Independencia,614
20,41,La Independencia,615
20,41,La Independencia,616
20,41,La Independencia,2135
20,41,La Independencia,2136
20,41,La Independencia,2326
20,41,La Independencia,2327
20,41,La Independencia,2328
20,52,Las Margaritas,718
20,52,Las Margaritas,719
20,52,Las Margaritas,720
20,52,Las Margaritas,721
20,52,Las Margaritas,722
20,52,Las Margaritas,724
20,52,Las Margaritas,726
20,52,Las Margaritas,727
20,52,Las Margaritas,728
20,52,Las Margaritas,729
20,52,Las Margaritas,730
20,52,Las Margaritas,731
20,52,Las Margaritas,734
20,52,Las Margaritas,735
20,52,Las Margaritas,736
20,52,Las Margaritas,737
20,52,Las Margaritas,738
20,52,Las Margaritas,739
20,52,Las Margaritas,740
20,52,Las Margaritas,741
20,52,Las Margaritas,742
20,52,Las Margaritas,743
20,52,Las Margaritas,745
20,52,Las Margaritas,746
20,52,Las Margaritas,749
20,52,Las Margaritas,750
20,52,Las Margaritas,752
20,52,Las Margaritas,753
20,52,Las Margaritas,754
20,52,Las Margaritas,755
20,52,Las Margaritas,759
20,52,Las Margaritas,2137
20,52,Las Margaritas,2138
20,52,Las Margaritas,2329
20,52,Las Margaritas,2330
20,52,Las Margaritas,2331
20,52,Las Margaritas,2332
20,52,Las Margaritas,2333
20,52,Las Margaritas,2334
20,52,Las Margaritas,2335
20,52,Las Margaritas,2336
20,52,Las Margaritas,2337
20,52,Las Margaritas,2338
20,52,Las Margaritas,2339
20,52,Las Margaritas,2340
20,52,Las Margaritas,2341
20,52,Las Margaritas,2342
20,52,Las Margaritas,2343
20,52,Las Margaritas,2344
20,52,Las Margaritas,2345
20,52,Las Margaritas,2346
20,52,Las Margaritas,2347
20,114,Maravilla Tenejapa,747
20,114,Maravilla Tenejapa,748
20,114,Maravilla Tenejapa,756
20,114,Maravilla Tenejapa,757
20,114,Maravilla Tenejapa,758
21,7,Amatenango del Valle,68
21,7,Amatenango del Valle,69
21,7,Amatenango del Valle,70
21,7,Amatenango del Valle,71
21,24,Chanal,375
21,24,Chanal,376
21,24,Chanal,377
21,24,Chanal,378
21,24,Chanal,379
21,24,Chanal,380
21,39,Huixtán,566
21,39,Huixtán,567
21,39,Huixtán,568
21,39,Huixtán,569
21,39,Huixtán,570
21,39,Huixtán,571
21,39,Huixtán,572
21,39,Huixtán,573
21,39,Huixtán,574
21,39,Huixtán,575
21,39,Huixtán,576
21,58,Nicolás Ruiz,814
21,64,Oxchuc,925
21,64,Oxchuc,926
21,64,Oxchuc,927
21,64,Oxchuc,928
21,64,Oxchuc,929
21,64,Oxchuc,930
21,64,Oxchuc,931
21,64,Oxchuc,932
21,64,Oxchuc,933
21,64,Oxchuc,934
21,64,Oxchuc,936
21,64,Oxchuc,937
21,64,Oxchuc,938
21,64,Oxchuc,939
21,64,Oxchuc,940
21,64,Oxchuc,941
21,64,Oxchuc,942
21,64,Oxchuc,943
21,64,Oxchuc,2348
21,64,Oxchuc,2349
21,77,San Cristóbal de las Casas,1164
21,95,Teopisca,1455
21,95,Teopisca,1456
21,95,Teopisca,1457
21,95,Teopisca,1458
21,95,Teopisca,1459
21,95,Teopisca,1460
21,95,Teopisca,1461
21,95,Teopisca,1463
21,95,Teopisca,2172
21,95,Teopisca,2173
21,95,Teopisca,2350
21,95,Teopisca,2351
21,95,Teopisca,2352
21,95,Teopisca,2353
21,106,Venustiano Carranza,1786
21,106,Venustiano Carranza,1787
21,106,Venustiano Carranza,1788
21,106,Venustiano Carranza,1789
21,106,Venustiano Carranza,1790
21,106,Venustiano Carranza,1791
21,106,Venustiano Carranza,1792
21,106,Venustiano Carranza,1793
21,106,Venustiano Carranza,1794
21,106,Venustiano Carranza,1795
21,106,Venustiano Carranza,1797
21,106,Venustiano Carranza,1798
21,106,Venustiano Carranza,1799
21,106,Venustiano Carranza,1800
21,106,Venustiano Carranza,1801
21,106,Venustiano Carranza,1802
21,106,Venustiano Carranza,1803
21,106,Venustiano Carranza,1804
21,106,Venustiano Carranza,1805
21,106,Venustiano Carranza,1806
21,106,Venustiano Carranza,1807
21,106,Venustiano Carranza,1808
21,106,Venustiano Carranza,1809
21,106,Venustiano Carranza,1810
21,106,Venustiano Carranza,1811
21,106,Venustiano Carranza,2310
21,106,Venustiano Carranza,2311
21,106,Venustiano Carranza,2312
22,23,Chamula,336
22,23,Chamula,337
22,23,Chamula,338
22,23,Chamula,339
22,23,Chamula,340
22,23,Chamula,341
22,23,Chamula,342
22,23,Chamula,343
22,23,Chamula,344
22,23,Chamula,345
22,23,Chamula,346
22,23,Chamula,347
22,23,Chamula,348
22,23,Chamula,349
22,23,Chamula,350
22,23,Chamula,351
22,23,Chamula,352
22,23,Chamula,353
22,23,Chamula,354
22,23,Chamula,355
22,23,Chamula,356
22,23,Chamula,357
22,23,Chamula,359
22,23,Chamula,360
22,23,Chamula,361
22,23,Chamula,362
22,23,Chamula,363
22,23,Chamula,364
22,23,Chamula,365
22,23,Chamula,366
22,23,Chamula,367
22,23,Chamula,368
22,23,Chamula,369
22,23,Chamula,370
22,23,Chamula,371
22,23,Chamula,372
22,23,Chamula,373
22,23,Chamula,374
22,23,Chamula,2091
22,23,Chamula,2092
22,23,Chamula,2093
22,56,Mitontic,782
22,56,Mitontic,783
22,56,Mitontic,784
22,56,Mitontic,785
22,56,Mitontic,786
22,94,Tenejapa,1438
22,94,Tenejapa,1439
22,94,Tenejapa,1440
22,94,Tenejapa,1441
22,94,Tenejapa,1442
22,94,Tenejapa,1443
22,94,Tenejapa,1444
22,94,Tenejapa,1445
22,94,Tenejapa,1446
22,94,Tenejapa,1447
22,94,Tenejapa,1448
22,94,Tenejapa,1449
22,94,Tenejapa,1450
22,94,Tenejapa,1451
22,94,Tenejapa,1452
22,94,Tenejapa,1453
22,111,Zinacantán,1915
22,111,Zinacantán,1916
22,111,Zinacantán,1917
22,111,Zinacantán,1918
22,111,Zinacantán,1919
22,111,Zinacantán,1920
22,111,Zinacantán,1921
22,111,Zinacantán,1922
22,111,Zinacantán,1923
22,111,Zinacantán,1924
22,111,Zinacantán,1925
22,111,Zinacantán,1926
22,111,Zinacantán,1927
22,111,Zinacantán,1928
22,111,Zinacantán,1929
23,20,La Concordia,293
23,20,La Concordia,294
23,20,La Concordia,295
23,20,La Concordia,296
23,20,La Concordia,297
23,20,La Concordia,298
23,20,La Concordia,300
23,20,La Concordia,301
23,20,La Concordia,302
23,20,La Concordia,303
23,20,La Concordia,304
23,20,La Concordia,305
23,20,La Concordia,306
23,20,La Concordia,307
23,20,La Concordia,308
23,20,La Concordia,309
23,20,La Concordia,310
23,20,La Concordia,311
23,20,La Concordia,312
23,20,La Concordia,313
23,20,La Concordia,314
23,20,La Concordia,315
23,20,La Concordia,316
23,20,La Concordia,2313
23,20,La Concordia,2314
23,108,Villa Corzo,1828
23,108,Villa Corzo,1829
23,108,Villa Corzo,1830
23,108,Villa Corzo,1831
23,108,Villa Corzo,1836
23,108,Villa Corzo,1838
23,108,Villa Corzo,1839
23,108,Villa Corzo,1840
23,108,Villa Corzo,1841
23,108,Villa Corzo,1842
23,108,Villa Corzo,1843
23,108,Villa Corzo,1844
23,108,Villa Corzo,1847
23,108,Villa Corzo,1848
23,108,Villa Corzo,1849
23,108,Villa Corzo,1850
23,108,Villa Corzo,1851
23,108,Villa Corzo,1852
23,108,Villa Corzo,1853
23,108,Villa Corzo,1854
23,108,Villa Corzo,1855
23,108,Villa Corzo,2133
23,108,Villa Corzo,2134
23,108,Villa Corzo,2315
23,108,Villa Corzo,2316
23,108,Villa Corzo,2317
23,109,Villaflores,1856
23,109,Villaflores,1857
23,109,Villaflores,1858
23,109,Villaflores,1859
23,109,Villaflores,1860
23,109,Villaflores,1861
23,109,Villaflores,1862
23,109,Villaflores,1863
23,109,Villaflores,1864
23,109,Villaflores,1865
23,109,Villaflores,1866
23,109,Villaflores,1867
23,109,Villaflores,1868
23,109,Villaflores,1869
23,109,Villaflores,1870
23,109,Villaflores,1872
23,109,Villaflores,1873
23,109,Villaflores,1874
23,109,Villaflores,1875
23,109,Villaflores,1876
23,109,Villaflores,1877
23,109,Villaflores,1878
23,109,Villaflores,1879
23,109,Villaflores,1880
23,109,Villaflores,1881
23,109,Villaflores,1882
23,109,Villaflores,1883
23,109,Villaflores,1884
23,109,Villaflores,1885
23,109,Villaflores,1886
23,109,Villaflores,1887
23,109,Villaflores,1888
23,109,Villaflores,1889
23,109,Villaflores,1890
23,109,Villaflores,1891
23,109,Villaflores,1892
23,109,Villaflores,1893
23,109,Villaflores,1894
23,109,Villaflores,1895
23,109,Villaflores,1896
23,109,Villaflores,1897
23,109,Villaflores,1898
23,109,Villaflores,1899
23,109,Villaflores,1900
23,109,Villaflores,1901
23,109,Villaflores,2206
23,109,Villaflores,2207
23,109,Villaflores,2208
23,121,El Parral,1832
23,121,El Parral,1833
23,121,El Parral,1834
23,121,El Parral,1835
23,121,El Parral,1837
24,31,Chilón,456
24,31,Chilón,457
24,31,Chilón,458
24,31,Chilón,459
24,31,Chilón,460
24,31,Chilón,461
24,31,Chilón,463
24,31,Chilón,464
24,31,Chilón,465
24,31,Chilón,466
24,31,Chilón,467
24,31,Chilón,468
24,31,Chilón,469
24,31,Chilón,470
24,31,Chilón,472
24,31,Chilón,474
24,31,Chilón,475
24,31,Chilón,476
24,31,Chilón,477
24,31,Chilón,479
24,31,Chilón,480
24,31,Chilón,483
24,31,Chilón,484
24,31,Chilón,485
24,31,Chilón,487
24,31,Chilón,488
24,31,Chilón,2059
24,31,Chilón,2060
24,31,Chilón,2061
24,31,Chilón,2062
24,31,Chilón,2063
24,31,Chilón,2064
24,31,Chilón,2065
24,31,Chilón,2066
24,31,Chilón,2067
24,31,Chilón,2068
24,31,Chilón,2069
24,31,Chilón,2070
24,31,Chilón,2071
24,31,Chilón,2072
24,31,Chilón,2073
24,31,Chilón,2074
24,31,Chilón,2075
24,31,Chilón,2250
24,31,Chilón,2251
24,31,Chilón,2252
24,59,Ocosingo,821
24,59,Ocosingo,822
24,59,Ocosingo,823
24,59,Ocosingo,824
24,59,Ocosingo,825
24,59,Ocosingo,829
24,59,Ocosingo,830
24,59,Ocosingo,836
24,59,Ocosingo,837
24,59,Ocosingo,838
24,59,Ocosingo,839
24,59,Ocosingo,840
24,59,Ocosingo,843
24,79,San Juan Cancuc,1178
24,79,San Juan Cancuc,1179
24,79,San Juan Cancuc,1181
24,79,San Juan Cancuc,1182
24,79,San Juan Cancuc,1183
24,79,San Juan Cancuc,1184
24,79,San Juan Cancuc,1186
24,79,San Juan Cancuc,2099
24,79,San Juan Cancuc,2100
24,79,San Juan Cancuc,2101
24,79,San Juan Cancuc,2102
24,79,San Juan Cancuc,2103
24,83,Sitalá,1222
24,83,Sitalá,1223
24,83,Sitalá,1224
24,83,Sitalá,2283
24,83,Sitalá,2284
