Distrito,Cve Mpio,Secc,Localidad,Manzana,Colonia tipo,Colonia,Listado Nominal Total,PRIO
10,61,885,1,14,FRACCIONAMIENTO,SAN RAFAEL,269,SI
10,61,885,1098,9999,BARRIO,LA PRIMAVERA,256,SI
10,61,885,1,3,FRACCIONAMIENTO,BUROCRATA,234,SI
10,61,885,1,47,BARRIO,CARACOL,231,SI
10,61,885,1,5,BARRIO,CRUZ BLANCA,173,SI
10,61,885,1,33,BARRIO,SAN JUAN,167,SI
10,61,885,1,44,BARRIO,OCOZOC,167,SI
10,61,885,1,17,BARRIO,CRUZ BLANCA,155,SI
10,61,885,1,55,BARRIO,LOS MANGOS,117,SI
10,61,885,1,2,COLONIA,AMPLIACION 5 DE MAYO,115,SI
10,61,885,1,9,BARRIO,EL MILAGRO,112,NO
10,61,885,1,19,BARRIO,SAN BERNABE,88,NO
10,61,885,1,21,BARRIO,EL MIRADOR,84,NO
10,61,885,1,10,BARRIO,EL MIRADOR,83,NO
10,61,885,1,16,FRACCIONAMIENTO,VICTOR MANUEL VALENZUELA,76,NO
10,61,885,1,11,BARRIO,SAN AGUSTIN,73,NO
10,61,885,1,13,BARRIO,SAN JUAN,73,NO
10,61,885,581,9999,FRACCIONAMIENTO,SAN JOSE,70,NO
10,61,885,1,23,BARRIO,LINDA VISTA,69,NO
10,61,885,1,15,FRACCIONAMIENTO,SANTA ROSA,64,NO
10,61,885,1,6,BARRIO,EL ARENAL,62,NO
10,61,885,1,27,BARRIO,NUEVO,61,NO
10,61,885,1,12,BARRIO,SAN BERNABE,60,NO
10,61,885,1,32,BARRIO,NUEVO,57,NO
10,61,885,912,9999,FRACCIONAMIENTO,EL PARAJE,50,NO
10,61,885,1,4,COLONIA,CENTENARIO,48,NO
10,61,885,984,9999,FRACCIONAMIENTO,LA MERCED,48,NO
10,61,885,1,28,BARRIO,SAN BERNABE,47,NO
10,61,885,1,29,BARRIO,SAN JOSE,46,NO
10,61,885,1,56,BARRIO,PEÑITAS,46,NO
10,61,885,1,1,COLONIA,5 DE MAYO,40,NO
10,61,885,1,45,BARRIO,SAN ANTONIO,38,NO
10,61,885,1,42,FRACCIONAMIENTO,FRACCIONAMIENTO CIUDAD BONAMPAK,33,NO
10,61,885,1,24,BARRIO,LOS CACOS,28,NO
10,61,885,1,35,BARRIO,SAN BERNABE,28,NO
10,61,885,1,46,BARRIO,SAN ANTONIO,27,NO
10,61,885,1,48,BARRIO,LAS PALMAS,27,NO
10,61,885,1,54,BARRIO,CARACOL,23,NO
10,61,885,1,49,BARRIO,PEÑITAS,22,NO
10,61,885,1,22,BARRIO,JUAN SABINES,21,NO
10,61,885,1,57,BARRIO,SAN ANTONIO,21,NO
10,61,885,1,59,BARRIO,SAN MIGUEL,21,NO
10,61,885,1,66,FRACCIONAMIENTO,EL PORVENIR,21,NO
10,61,885,1,67,COLONIA,EL ZUT ZUT,19,NO
10,61,885,1,36,BARRIO,SAN JUAN,17,NO
10,61,885,1,38,COLONIA,BELISARIO DOMINGUEZ,13,NO
10,61,885,1,50,BARRIO,SAN ANTONIO,13,NO
10,61,885,1,34,BARRIO,SANTA CRUZ,12,NO
10,61,885,1,39,FRACCIONAMIENTO,BUROCRATA,12,NO
10,61,885,1,51,BARRIO,SANTA CRUZ,12,NO
10,61,885,241,9999,FRACCIONAMIENTO,NAVIDAD,11,NO
10,61,885,1,41,COLONIA,COLONIA PROFESOR LUCIO CABAÑAS BARRIENTOS,8,NO
10,61,885,1,31,BARRIO,LAS PALMAS,7,NO
10,61,885,1,53,BARRIO,SANTISIMA TRINIDAD,6,NO
10,61,885,959,9999,BARRIO,JUAN SABINES GUERRERO,5,NO
10,61,885,92,9999,COLONIA,LOMAS DEL PEDREGAL,3,NO
10,61,885,409,9999,FRACCIONAMIENTO,SAN JOAQUIN,3,NO
10,61,885,583,9999,BARRIO,TZACOZOC,3,NO
10,61,885,774,9999,BARRIO,26 DE ABRIL,3,NO
10,61,885,1,7,FRACCIONAMIENTO,EL JARDIN,2,NO
10,61,885,1,20,BARRIO,CARACOL,2,NO
10,61,885,1,60,BARRIO,SAN RAMON,2,NO
10,61,885,1,62,FRACCIONAMIENTO,EL PARAJE,2,NO
10,61,885,324,9999,COLONIA,NUEVA PRIMAVERA,2,NO
10,61,885,338,9999,BARRIO,OCOZOC,1,NO
10,61,885,392,9999,FRACCIONAMIENTO,PASEO DE LAS FLORES,1,NO
10,61,885,771,9999,BARRIO,UNION HIDALGO,1,NO
10,61,885,781,9999,BARRIO,AMADO ZENTENO ALEGRIA,1,NO
10,61,885,791,9999,COLONIA,CHUCAMAY,1,NO
10,61,885,1099,9999,BARRIO,LAS BRISAS,1,NO
10,61,885,24,9999,BARRIO,LA PRIMAVERA,0,NO
10,61,886,1,6,COLONIA,C N C,139,NO
10,61,886,1,5,COLONIA,AMADOR HERNANDEZ,129,NO
10,61,886,1,20,COLONIA,EL GAVILAN,123,NO
10,61,886,1,17,BARRIO,RIBERA PIEDRA PARADA,117,NO
10,61,886,1,1,FRACCIONAMIENTO,LOS REYES,96,NO
10,61,886,1,16,COLONIA,OCUILAPA DE JUAREZ,96,NO
10,61,886,1,19,COLONIA,EL AGUACERO,95,NO
10,61,886,1,18,COLONIA,EJIDO SAN ISIDRO,89,NO
10,61,886,1,12,COLONIA,COL JOSE LOPEZ PORTILLO,83,NO
10,61,886,1,28,COLONIA,ALFONSO MOGUEL,82,NO
10,61,886,1,4,BARRIO,UNION HIDALGO,81,NO
10,61,886,1,3,BARRIO,SOLIDARIDAD,69,NO
10,61,886,1,13,BARRIO,EJIDO JUAN DE GRIJALVA,69,NO
10,61,886,1,2,BARRIO,SAN RAMON,68,NO
10,61,886,1,14,COLONIA,ARMANDO ZEVADUA,67,NO
10,61,886,1,15,COLONIA,NUEVO MEZCALAPA,66,NO
10,61,886,1,25,EJIDO,VICENTE GUERRERO,66,NO
10,61,886,1,27,COLONIA,ESPINAL DE MORELOS,62,NO
10,61,886,1,26,COLONIA,LA INDEPENDENCIA,59,NO
10,61,886,1,24,COLONIA,VILLAHERMOSA,57,NO
10,61,887,1,44,,,247,SI
10,61,887,1,46,,,222,SI
10,61,887,1,65,,,203,SI
10,61,887,1,71,,,163,SI
10,61,887,1,58,,,152,SI
10,61,887,1,45,,,150,SI
10,61,887,1,70,,,147,SI
10,61,887,1,48,,,140,SI
10,61,887,1,20,,,139,SI
10,61,887,1,4,COLONIA,EJIDO ALFREDO VLADIMIR BONFIL,134,SI
10,61,887,1,7,COLONIA,AMERICA LIBRE,133,SI
10,61,887,1,15,,,126,SI
10,61,887,1,56,,,119,SI
10,61,887,1,16,,,117,SI
10,61,887,1,72,,,107,SI
10,61,887,1,28,,,106,SI
10,61,887,1,68,,,102,SI
10,61,887,1,67,,,100,NO
10,61,887,1,52,,,93,NO
10,61,887,1,54,,,80,NO
10,61,887,1,62,,,80,NO
10,61,887,1,37,,,79,NO
10,61,887,1,2,COLONIA,COLONIA IGNACIO ZARAGOZA,74,NO
10,61,887,1,64,,,73,NO
10,61,887,1,51,,,72,NO
10,61,887,1,1,COLONIA,COLONIA GUADALUPE VICTORIA,70,NO
10,61,887,1,50,,,67,NO
10,61,887,1,59,,,67,NO
10,61,887,1,63,,,67,NO
10,61,887,1,11,,,65,NO
10,61,887,1,60,,,64,NO
10,61,887,1,57,,,63,NO
10,61,887,1,14,,,58,NO
10,61,887,1,49,,,56,NO
10,61,887,1,29,,,55,NO
10,61,887,1,42,,,54,NO
10,61,887,1,6,COLONIA,EJIDO GENERAL FRANCISCO VILLA,52,NO
10,61,887,1,55,,,52,NO
10,61,887,1,69,,,52,NO
10,61,887,1,40,,,50,NO
10,61,887,1,61,,,49,NO
10,61,887,1,30,,,48,NO
10,61,887,1,32,,,47,NO
10,61,887,1,66,,,47,NO
10,61,887,1,3,COLONIA,HERMENEGILDO GALEANA,46,NO
10,61,887,1,38,,,46,NO
10,61,887,1,5,COLONIA,EJIDO JOSE CASTILLO TIELMANS,45,NO
10,61,887,1,35,,,44,NO
10,61,887,1,41,,,37,NO
10,61,887,1,9,COLONIA,LAS PIMIENTAS,34,NO
10,61,887,1,17,,,33,NO
10,61,887,1,25,,,33,NO
10,61,887,1,26,,,33,NO
10,61,887,1,10,COLONIA,DR MANUEL VELASCO SUAREZ II,32,NO
10,61,887,1,19,,,27,NO
10,61,887,1,34,,,27,NO
10,61,887,1,36,,,27,NO
10,61,887,1,74,,,27,NO
10,61,887,1,8,BARRIO,SALVADOR URBINA,26,NO
10,61,887,1,31,,,26,NO
10,61,887,1,47,,,24,NO
10,61,887,1,24,,,22,NO
10,61,887,1,27,,,21,NO
10,61,887,1,73,,,20,NO
10,61,887,1,53,,,16,NO
10,61,887,1,23,,,15,NO
10,61,887,567,9999,,,11,NO
10,61,887,729,9999,,,11,NO
10,61,887,1,21,,,9,NO
10,61,887,1086,9999,,,9,NO
10,61,887,1,39,,,4,NO
10,61,887,1,43,,,3,NO
10,61,887,788,9999,,,3,NO
10,61,887,136,9999,,,2,NO
10,61,887,391,9999,,,1,NO
10,61,888,1,9,,,154,NO
10,61,888,1,22,,,143,NO
10,61,888,1,10,,,142,NO
10,61,888,1,25,,,142,NO
10,61,888,1,45,,,142,NO
10,61,888,1,8,,,126,NO
10,61,888,1,46,,,114,NO
10,61,888,1,27,,,111,NO
10,61,888,1,2,,,109,NO
10,61,888,1,47,,,108,NO
10,61,888,1,1,,,106,NO
10,61,888,1,7,,,101,NO
10,61,888,1,11,,,82,NO
10,61,888,1,6,,,77,NO
10,61,888,1,59,,,67,NO
10,61,888,1,35,,,65,NO
10,61,888,1,60,,,61,NO
10,61,888,1,20,,,60,NO
10,61,888,1,49,,,60,NO
10,61,888,1,51,,,53,NO
10,61,888,1,21,,,50,NO
10,61,888,1,26,,,49,NO
10,61,888,1,48,,,38,NO
10,61,888,1,55,,,37,NO
10,61,888,1,39,,,36,NO
10,61,888,1,52,,,36,NO
10,61,888,1,58,,,35,NO
10,61,888,1,30,,,34,NO
10,61,888,1,19,,,33,NO
10,61,888,1,23,,,33,NO
10,61,888,1,38,,,32,NO
10,61,888,1,57,,,32,NO
10,61,888,1,29,,,25,NO
10,61,888,1,53,,,25,NO
10,61,888,1,31,,,24,NO
10,61,888,1,54,,,23,NO
10,61,888,1,50,,,15,NO
10,61,888,1,12,,,14,NO
10,61,888,1,61,,,12,NO
10,61,888,1,56,,,9,NO
10,61,889,1,27,,,126,NO
10,61,889,1,19,,,104,NO
10,61,889,1,32,,,101,NO
10,61,889,1,18,,,93,NO
10,61,889,1,43,,,93,NO
10,61,889,1,35,,,88,NO
10,61,889,1,34,,,84,NO
10,61,889,1,26,,,80,NO
10,61,889,1,40,,,77,NO
10,61,889,1,7,,,70,NO
10,61,889,1,33,,,68,NO
10,61,889,1,36,,,67,NO
10,61,889,1,25,,,59,NO
10,61,889,1,8,,,56,NO
10,61,889,1,42,,,56,NO
10,61,889,1,44,,,50,NO
10,61,889,1,41,,,49,NO
10,61,889,1,4,,,47,NO
10,61,889,1,28,,,46,NO
10,61,889,1,20,,,44,NO
10,61,889,1,46,,,40,NO
10,61,889,1,24,,,39,NO
10,61,889,1,1,,,35,NO
10,61,889,1,17,,,35,NO
10,61,889,1,6,,,34,NO
10,61,889,1,14,,,32,NO
10,61,889,1,45,,,31,NO
10,61,889,1,16,,,28,NO
10,61,889,1,15,,,27,NO
10,61,889,1,5,,,24,NO
10,61,889,1,9,,,22,NO
10,61,889,1,3,,,20,NO
10,61,889,1,2,,,11,NO
10,61,889,1,47,,,1,NO
10,61,890,1122,9999,,,288,NO
10,61,890,1,16,,,100,NO
10,61,890,1,30,,,100,NO
10,61,890,1,28,,,98,NO
10,61,890,1,29,,,94,NO
10,61,890,1,15,,,87,NO
10,61,890,1,27,,,87,NO
10,61,890,1,18,,,81,NO
10,61,890,1,19,,,81,NO
10,61,890,1,31,,,81,NO
10,61,890,1,17,,,78,NO
10,61,890,1,7,,,70,NO
10,61,890,1,21,,,67,NO
10,61,890,1,33,,,67,NO
10,61,890,1,35,,,57,NO
10,61,890,1,9,,,55,NO
10,61,890,1,34,,,43,NO
10,61,890,1,32,,,42,NO
10,61,890,1,6,,,37,NO
10,61,890,1,22,,,36,NO
10,61,890,1122,12,,,36,NO
10,61,890,1122,16,,,36,NO
10,61,890,1122,23,,,36,NO
10,61,890,1122,14,,,34,NO
10,61,890,1,12,,,33,NO
10,61,890,1,10,,,32,NO
10,61,890,1122,24,,,32,NO
10,61,890,1,14,,,31,NO
10,61,890,1122,48,,,31,NO
10,61,890,1143,37,,,31,NO
10,61,890,1,20,,,30,NO
10,61,890,1,11,,,29,NO
10,61,890,1143,33,,,29,NO
10,61,890,1122,20,,,27,NO
10,61,890,1122,29,,,27,NO
10,61,890,1143,34,,,27,NO
10,61,890,1122,27,,,26,NO
10,61,890,1,8,,,25,NO
10,61,890,1122,18,,,24,NO
10,61,890,1122,22,,,23,NO
10,61,890,1122,28,,,22,NO
10,61,890,1143,35,,,22,NO
10,61,890,1122,5,,,20,NO
10,61,890,1143,4,,,20,NO
10,61,890,1122,4,,,19,NO
10,61,890,1122,7,,,19,NO
10,61,890,1122,10,,,18,NO
10,61,890,1122,26,,,18,NO
10,61,890,1122,51,,,18,NO
10,61,890,1122,6,,,17,NO
10,61,890,1122,3,,,16,NO
10,61,890,1122,30,,,15,NO
10,61,890,1143,5,,,15,NO
10,61,890,1122,8,,,13,NO
10,61,890,1000,9999,,,12,NO
10,61,890,1122,15,,,12,NO
10,61,890,1143,42,,,12,NO
10,61,890,1122,31,,,11,NO
10,61,890,1143,29,,,11,NO
10,61,890,1122,2,,,10,NO
10,61,890,1122,13,,,10,NO
10,61,890,1122,19,,,10,NO
10,61,890,1122,21,,,10,NO
10,61,890,1122,25,,,10,NO
10,61,890,1122,47,,,10,NO
10,61,890,1122,52,,,10,NO
10,61,890,1143,8,,,10,NO
10,61,890,1143,41,,,10,NO
10,61,890,1122,17,,,9,NO
10,61,890,1143,43,,,9,NO
10,61,890,1122,33,,,8,NO
10,61,890,1122,34,,,8,NO
10,61,890,1122,49,,,8,NO
10,61,890,1143,9,,,8,NO
10,61,890,1143,30,,,8,NO
10,61,890,1143,38,,,8,NO
10,61,890,1143,40,,,7,NO
10,61,890,1001,9999,,,6,NO
10,61,890,1122,1,,,6,NO
10,61,890,1122,11,,,6,NO
10,61,890,1122,32,,,6,NO
10,61,890,1143,3,,,6,NO
10,61,890,1143,25,,,6,NO
10,61,890,1143,26,,,6,NO
10,61,890,1,36,,,5,NO
10,61,890,1143,2,,,5,NO
10,61,890,1143,23,,,5,NO
10,61,890,1143,44,,,5,NO
10,61,890,1143,9999,,,5,NO
10,61,890,1122,50,,,4,NO
10,61,890,1143,32,,,4,NO
10,61,890,1143,45,,,4,NO
10,61,890,1,42,,,3,NO
10,61,890,103,9999,,,3,NO
10,61,890,1143,12,,,3,NO
10,61,890,1143,16,,,3,NO
10,61,890,1143,20,,,3,NO
10,61,890,1143,22,,,3,NO
10,61,890,1143,28,,,3,NO
10,61,890,1143,39,,,3,NO
10,61,890,1143,46,,,3,NO
10,61,890,1,40,,,2,NO
10,61,890,977,9999,,,2,NO
10,61,890,1143,13,,,2,NO
10,61,890,1143,18,,,2,NO
10,61,890,1143,21,,,2,NO
10,61,890,1143,24,,,2,NO
10,61,890,1143,31,,,2,NO
10,61,890,1143,47,,,2,NO
10,61,890,1,38,,,1,NO
10,61,890,1002,9999,,,1,NO
10,61,890,1122,41,,,1,NO
10,61,890,1143,1,,,1,NO
10,61,890,1143,6,,,1,NO
10,61,890,1143,10,,,1,NO
10,61,890,1143,15,,,1,NO
10,61,890,1143,14,,,0,NO
10,61,891,1,41,,,115,NO
10,61,891,1,25,,,113,NO
10,61,891,1,33,,,113,NO
10,61,891,1,34,,,109,NO
10,61,891,1,43,,,89,NO
10,61,891,1,35,,,85,NO
10,61,891,1,42,,,79,NO
10,61,891,1,27,,,76,NO
10,61,891,1,26,,,70,NO
10,61,891,1,17,,,67,NO
10,61,891,1,18,,,61,NO
10,61,891,1,15,,,46,NO
10,61,891,1,19,,,46,NO
10,61,891,1,16,,,42,NO
10,61,891,1,5,,,36,NO
10,61,891,1,14,,,35,NO
10,61,891,1,2,,,27,NO
10,61,891,1,6,,,26,NO
10,61,891,1,1,,,24,NO
10,61,891,1,4,,,24,NO
10,61,891,1,3,,,21,NO
10,61,892,1,69,,,402,SI
10,61,892,1,60,,,186,SI
10,61,892,1,29,,,130,SI
10,61,892,1,4,,,107,SI
10,61,892,1,61,,,104,SI
10,61,892,1,3,,,88,SI
10,61,892,1,5,,,86,SI
10,61,892,1,14,,,86,SI
10,61,892,1,15,,,85,SI
10,61,892,1,16,,,81,SI
10,61,892,1,63,,,81,SI
10,61,892,1,48,,,76,SI
10,61,892,1,58,,,75,NO
10,61,892,1,28,,,74,NO
10,61,892,1,62,,,63,NO
10,61,892,1094,9999,,,63,NO
10,61,892,1,51,,,60,NO
10,61,892,1,2,,,54,NO
10,61,892,1,17,,,54,NO
10,61,892,1,27,,,53,NO
10,61,892,1,64,,,53,NO
10,61,892,1,57,,,49,NO
10,61,892,1,13,,,45,NO
10,61,892,1,6,,,44,NO
10,61,892,1,68,,,44,NO
10,61,892,1,46,,,40,NO
10,61,892,1,34,,,39,NO
10,61,892,1,24,,,38,NO
10,61,892,1,40,,,38,NO
10,61,892,1,47,,,38,NO
10,61,892,1,12,,,34,NO
10,61,892,1,18,,,32,NO
10,61,892,1,23,,,32,NO
10,61,892,299,9999,,,31,NO
10,61,892,1,50,,,30,NO
10,61,892,1,22,,,28,NO
10,61,892,1,59,,,28,NO
10,61,892,145,9999,,,28,NO
10,61,892,1,11,,,27,NO
10,61,892,1,31,,,27,NO
10,61,892,1,32,,,26,NO
10,61,892,1,39,,,21,NO
10,61,892,1,30,,,18,NO
10,61,892,1,33,,,15,NO
10,61,892,163,9999,,,15,NO
10,61,892,1,7,,,14,NO
10,61,892,1,38,,,14,NO
10,61,892,1,1,,,9,NO
10,61,892,188,9999,,,9,NO
10,61,892,1087,9999,,,7,NO
10,61,892,1004,9999,,,6,NO
10,61,892,148,9999,,,5,NO
10,61,892,180,9999,,,5,NO
10,61,892,1021,9999,,,5,NO
10,61,892,1045,9999,,,5,NO
10,61,892,1046,9999,,,5,NO
10,61,892,1172,9999,,,5,NO
10,61,892,1005,9999,,,3,NO
10,61,892,1018,9999,,,3,NO
10,61,892,177,9999,,,2,NO
10,61,892,637,9999,,,2,NO
10,61,892,800,9999,,,2,NO
10,61,892,995,9999,,,2,NO
10,61,892,1019,9999,,,2,NO
10,61,892,226,9999,,,1,NO
10,61,892,480,9999,,,1,NO
10,61,892,953,9999,,,1,NO
10,61,892,996,9999,,,1,NO
10,61,892,1010,9999,,,1,NO
10,61,892,1011,9999,,,1,NO
10,61,892,1012,9999,,,1,NO
10,61,892,1014,9999,,,1,NO
10,61,892,1016,9999,,,1,NO
10,61,892,1017,9999,,,1,NO
10,61,892,1022,9999,,,1,NO
10,61,893,1,52,,,193,SI
10,61,893,1,63,,,144,SI
10,61,893,1,1,,,131,SI
10,61,893,1,44,,,127,SI
10,61,893,1,45,,,119,SI
10,61,893,1,66,,,118,SI
10,61,893,1,40,,,107,SI
10,61,893,1,33,,,103,SI
10,61,893,1,58,,,99,SI
10,61,893,1,43,,,98,SI
10,61,893,1,19,,,92,SI
10,61,893,1,51,,,92,SI
10,61,893,1,9,,,88,SI
10,61,893,1,46,,,86,SI
10,61,893,1,13,,,85,NO
10,61,893,1,60,,,85,NO
10,61,893,1,2,,,79,NO
10,61,893,1,70,,,71,NO
10,61,893,1,31,,,67,NO
10,61,893,1,42,,,66,NO
10,61,893,1,18,,,65,NO
10,61,893,1,6,,,61,NO
10,61,893,1,8,,,60,NO
10,61,893,1,4,,,59,NO
10,61,893,1,38,,,58,NO
10,61,893,1,11,,,55,NO
10,61,893,1,23,,,55,NO
10,61,893,1,16,,,54,NO
10,61,893,1,5,,,53,NO
10,61,893,1,41,,,49,NO
10,61,893,1,29,,,47,NO
10,61,893,1,61,,,47,NO
10,61,893,1,22,,,43,NO
10,61,893,1,28,,,43,NO
10,61,893,1,15,,,42,NO
10,61,893,1,37,,,41,NO
10,61,893,1,12,,,39,NO
10,61,893,1,17,,,37,NO
10,61,893,1,30,,,36,NO
10,61,893,1,39,,,31,NO
10,61,893,1,3,,,25,NO
10,61,893,1,7,,,21,NO
10,61,893,1,62,,,18,NO
10,61,893,1,47,,,10,NO
10,61,893,1,20,,,8,NO
10,61,893,1,21,,,3,NO
10,61,894,1,39,,,176,SI
10,61,894,1,9,,,173,SI
10,61,894,1,14,,,173,SI
10,61,894,1,4,,,159,SI
10,61,894,1,26,,,141,SI
10,61,894,1,11,,,130,SI
10,61,894,1,13,,,120,SI
10,61,894,1,17,,,108,SI
10,61,894,1,53,,,105,SI
10,61,894,1,18,,,99,SI
10,61,894,71,9999,,,99,SI
10,61,894,1,15,,,95,SI
10,61,894,1,35,,,95,SI
10,61,894,1,21,,,94,SI
10,61,894,1,19,,,93,SI
10,61,894,1,3,,,89,SI
10,61,894,1,23,,,84,SI
10,61,894,1,52,,,84,SI
10,61,894,798,9999,,,83,SI
10,61,894,1,34,,,82,SI
10,61,894,1,16,,,81,SI
10,61,894,1,40,,,80,SI
10,61,894,1,49,,,80,SI
10,61,894,1,47,,,77,SI
10,61,894,1,22,,,76,SI
10,61,894,1,5,,,73,SI
10,61,894,1,65,,,72,SI
10,61,894,1,101,,,71,SI
10,61,894,1,12,,,69,SI
10,61,894,1,10,,,68,NO
10,61,894,1,33,,,64,NO
10,61,894,1,88,,,64,NO
10,61,894,1,64,,,63,NO
10,61,894,1,20,,,62,NO
10,61,894,1,41,,,61,NO
10,61,894,1,48,,,61,NO
10,61,894,1,97,,,61,NO
10,61,894,1,38,,,60,NO
10,61,894,1,45,,,59,NO
10,61,894,1,36,,,58,NO
10,61,894,1,50,,,58,NO
10,61,894,1,1,,,57,NO
10,61,894,1,32,,,56,NO
10,61,894,1,37,,,55,NO
10,61,894,1,2,,,52,NO
10,61,894,1,25,,,52,NO
10,61,894,1,46,,,47,NO
10,61,894,1,31,,,46,NO
10,61,894,1,105,,,46,NO
10,61,894,1,6,,,45,NO
10,61,894,1,43,,,45,NO
10,61,894,1,63,,,45,NO
10,61,894,1,92,,,44,NO
10,61,894,1,24,,,43,NO
10,61,894,1,81,,,43,NO
10,61,894,1,66,,,42,NO
10,61,894,1,96,,,40,NO
10,61,894,1,90,,,39,NO
10,61,894,1,44,,,37,NO
10,61,894,1,107,,,37,NO
10,61,894,1,103,,,36,NO
10,61,894,1,28,,,35,NO
10,61,894,1,98,,,35,NO
10,61,894,1,70,,,34,NO
10,61,894,1,89,,,34,NO
10,61,894,1,93,,,34,NO
10,61,894,1,56,,,33,NO
10,61,894,1,57,,,33,NO
10,61,894,1,82,,,33,NO
10,61,894,1,68,,,32,NO
10,61,894,1,104,,,32,NO
10,61,894,1,29,,,31,NO
10,61,894,1,30,,,31,NO
10,61,894,1,42,,,31,NO
10,61,894,1,67,,,31,NO
10,61,894,1,76,,,31,NO
10,61,894,1,58,,,30,NO
10,61,894,1,75,,,29,NO
10,61,894,1,77,,,29,NO
10,61,894,1,60,,,28,NO
10,61,894,1,73,,,28,NO
10,61,894,1,72,,,25,NO
10,61,894,1,7,,,24,NO
10,61,894,1,109,,,24,NO
10,61,894,1,69,,,23,NO
10,61,894,1,71,,,23,NO
10,61,894,1,83,,,23,NO
10,61,894,1,55,,,22,NO
10,61,894,1,84,,,22,NO
10,61,894,743,5,,,22,NO
10,61,894,743,9,,,22,NO
10,61,894,1,74,,,21,NO
10,61,894,1,79,,,19,NO
10,61,894,1176,9999,,,19,NO
10,61,894,1,111,,,18,NO
10,61,894,1,62,,,17,NO
10,61,894,1,85,,,16,NO
10,61,894,1,106,,,16,NO
10,61,894,743,1,,,16,NO
10,61,894,1,54,,,14,NO
10,61,894,1,59,,,14,NO
10,61,894,1,80,,,14,NO
10,61,894,1,61,,,13,NO
10,61,894,1,99,,,13,NO
10,61,894,1,51,,,12,NO
10,61,894,743,11,,,12,NO
10,61,894,1,91,,,11,NO
10,61,894,1,133,,,11,NO
10,61,894,533,9999,,,11,NO
10,61,894,743,13,,,11,NO
10,61,894,1,129,,,10,NO
10,61,894,743,12,,,10,NO
10,61,894,1,86,,,9,NO
10,61,894,743,8,,,7,NO
10,61,894,464,9999,,,6,NO
10,61,894,743,7,,,6,NO
10,61,894,1,114,,,5,NO
10,61,894,1,117,,,5,NO
10,61,894,348,9999,,,5,NO
10,61,894,743,4,,,5,NO
10,61,894,1,108,,,4,NO
10,61,894,1,113,,,4,NO
10,61,894,518,9999,,,4,NO
10,61,894,743,2,,,4,NO
10,61,894,1039,9999,,,4,NO
10,61,894,743,3,,,3,NO
10,61,894,743,6,,,3,NO
10,61,894,743,10,,,3,NO
10,61,894,1023,9999,,,3,NO
10,61,894,1031,9999,,,3,NO
10,61,894,1034,9999,,,3,NO
10,61,894,1142,9999,,,3,NO
10,61,894,1,115,,,2,NO
10,61,894,1,116,,,2,NO
10,61,894,1,131,,,2,NO
10,61,894,1,132,,,2,NO
10,61,894,67,9999,,,2,NO
10,61,894,431,9999,,,2,NO
10,61,894,1114,9999,,,2,NO
10,61,894,1115,9999,,,2,NO
10,61,894,602,9999,,,1,NO
10,61,894,1037,9999,,,1,NO
10,61,894,1043,9999,,,1,NO
10,61,894,1180,9999,,,1,NO
10,61,895,1,49,,,271,SI
10,61,895,1,7,,,255,SI
10,61,895,1,16,,,255,SI
10,61,895,1,47,,,181,SI
10,61,895,1,48,,,160,SI
10,61,895,1,60,,,150,SI
10,61,895,1,61,,,118,SI
10,61,895,1,55,,,113,SI
10,61,895,1,56,,,108,SI
10,61,895,1,50,,,107,SI
10,61,895,1,39,,,105,SI
10,61,895,1,57,,,98,SI
10,61,895,1,24,,,97,SI
10,61,895,1,69,,,96,SI
10,61,895,1,34,,,95,SI
10,61,895,1,26,,,92,SI
10,61,895,1,65,,,91,SI
10,61,895,1,21,,,90,SI
10,61,895,1,10,,,87,SI
10,61,895,1,88,,,83,SI
10,61,895,1,40,,,82,NO
10,61,895,1,42,,,77,NO
10,61,895,1,85,,,75,NO
10,61,895,1,19,,,74,NO
10,61,895,1,2,,,70,NO
10,61,895,1,4,,,68,NO
10,61,895,1,54,,,68,NO
10,61,895,1,3,,,65,NO
10,61,895,1,45,,,65,NO
10,61,895,1,38,,,63,NO
10,61,895,1,13,,,61,NO
10,61,895,1,23,,,59,NO
10,61,895,1,66,,,57,NO
10,61,895,1,31,,,56,NO
10,61,895,1,53,,,55,NO
10,61,895,1,12,,,53,NO
10,61,895,1,84,,,53,NO
10,61,895,1,70,,,52,NO
10,61,895,1,79,,,52,NO
10,61,895,1,58,,,49,NO
10,61,895,1,67,,,49,NO
10,61,895,1,9,,,47,NO
10,61,895,1,11,,,47,NO
10,61,895,1,52,,,47,NO
10,61,895,1,6,,,46,NO
10,61,895,1,1,,,45,NO
10,61,895,1,46,,,45,NO
10,61,895,1,30,,,44,NO
10,61,895,1,86,,,44,NO
10,61,895,1,29,,,43,NO
10,61,895,1,35,,,43,NO
10,61,895,1,5,,,42,NO
10,61,895,1,15,,,42,NO
10,61,895,1,37,,,42,NO
10,61,895,1,74,,,42,NO
10,61,895,1,28,,,39,NO
10,61,895,1,43,,,39,NO
10,61,895,1,64,,,38,NO
10,61,895,1,44,,,37,NO
10,61,895,1,41,,,36,NO
10,61,895,1,59,,,36,NO
10,61,895,1,87,,,35,NO
10,61,895,1,36,,,33,NO
10,61,895,1,51,,,32,NO
10,61,895,1,73,,,32,NO
10,61,895,1,18,,,29,NO
10,61,895,1,68,,,28,NO
10,61,895,1,103,,,28,NO
10,61,895,1,32,,,24,NO
10,61,895,1,96,,,24,NO
10,61,895,1,14,,,21,NO
10,61,895,1,20,,,20,NO
10,61,895,1,33,,,20,NO
10,61,895,1,81,,,19,NO
10,61,895,1,92,,,19,NO
10,61,895,1,93,,,19,NO
10,61,895,1,27,,,18,NO
10,61,895,1,25,,,15,NO
10,61,895,1,105,,,14,NO
10,61,895,1,91,,,11,NO
10,61,895,1,80,,,10,NO
10,61,895,1,90,,,8,NO
10,61,895,1,94,,,8,NO
10,61,895,1,89,,,7,NO
10,61,895,1,71,,,5,NO
10,61,895,1,77,,,5,NO
10,61,895,1,95,,,5,NO
10,61,895,1,72,,,3,NO
10,61,895,1,76,,,2,NO
10,61,895,1,75,,,1,NO
10,61,895,1,104,,,1,NO
10,61,896,309,9999,,,325,NO
10,61,896,714,9999,,,241,NO
10,61,896,308,9999,,,190,NO
10,61,896,25,9999,,,172,NO
10,61,896,1140,9999,,,53,NO
10,61,896,991,9999,,,51,NO
10,61,896,974,9999,,,23,NO
10,61,896,237,9999,,,15,NO
10,61,897,261,9999,,,311,SI
10,61,897,358,9999,,,246,SI
10,61,897,295,9999,,,222,SI
10,61,897,47,9999,,,171,SI
10,61,897,206,9999,,,169,SI
10,61,897,543,9999,,,142,SI
10,61,897,26,4,,,124,SI
10,61,897,26,2,,,122,SI
10,61,897,369,9999,,,121,SI
10,61,897,621,9999,,,105,NO
10,61,897,887,9999,,,97,NO
10,61,897,26,9,,,90,NO
10,61,897,26,6,,,83,NO
10,61,897,1100,9999,,,69,NO
10,61,897,26,1,,,65,NO
10,61,897,1108,9999,,,62,NO
10,61,897,123,22,,,48,NO
10,61,897,123,18,,,42,NO
10,61,897,1110,9999,,,42,NO
10,61,897,123,16,,,40,NO
10,61,897,123,12,,,32,NO
10,61,897,123,40,,,31,NO
10,61,897,26,8,,,30,NO
10,61,897,123,14,,,30,NO
10,61,897,123,28,,,30,NO
10,61,897,123,30,,,29,NO
10,61,897,123,17,,,26,NO
10,61,897,123,11,,,25,NO
10,61,897,123,9,,,24,NO
10,61,897,123,26,,,24,NO
10,61,897,123,29,,,24,NO
10,61,897,26,3,,,23,NO
10,61,897,123,1,,,22,NO
10,61,897,123,13,,,22,NO
10,61,897,123,38,,,22,NO
10,61,897,123,25,,,20,NO
10,61,897,123,27,,,20,NO
10,61,897,1159,9999,,,20,NO
10,61,897,26,7,,,19,NO
10,61,897,123,37,,,19,NO
10,61,897,123,19,,,18,NO
10,61,897,503,9999,,,18,NO
10,61,897,123,4,,,17,NO
10,61,897,123,15,,,17,NO
10,61,897,123,36,,,17,NO
10,61,897,123,10,,,16,NO
10,61,897,123,2,,,15,NO
10,61,897,123,5,,,15,NO
10,61,897,123,35,,,15,NO
10,61,897,123,39,,,15,NO
10,61,897,123,41,,,15,NO
10,61,897,123,3,,,14,NO
10,61,897,123,7,,,13,NO
10,61,897,123,8,,,12,NO
10,61,897,123,20,,,11,NO
10,61,897,123,31,,,11,NO
10,61,897,123,34,,,11,NO
10,61,897,123,32,,,9,NO
10,61,897,123,6,,,4,NO
10,61,897,123,9999,,,4,NO
10,61,897,339,9999,,,2,NO
10,61,898,694,9999,,,364,SI
10,61,898,124,9999,,,239,SI
10,61,898,263,1,,,175,SI
10,61,898,911,9999,,,170,SI
10,61,898,713,9999,,,155,SI
10,61,898,263,2,,,146,SI
10,61,898,428,9999,,,142,SI
10,61,898,1120,9999,,,134,SI
10,61,898,44,9999,,,127,SI
10,61,898,122,9999,,,97,NO
10,61,898,932,9999,,,89,NO
10,61,898,263,5,,,84,NO
10,61,898,263,4,,,68,NO
10,61,898,909,9999,,,64,NO
10,61,898,972,9999,,,64,NO
10,61,898,263,3,,,57,NO
10,61,898,405,9999,,,54,NO
10,61,898,654,9999,,,51,NO
10,61,898,895,9999,,,51,NO
10,61,898,1177,9999,,,48,NO
10,61,898,966,9999,,,43,NO
10,61,898,1075,9999,,,43,NO
10,61,898,865,9999,,,42,NO
10,61,898,1096,9999,,,38,NO
10,61,898,720,9999,,,32,NO
10,61,898,893,9999,,,32,NO
10,61,898,861,9999,,,31,NO
10,61,898,831,9999,,,29,NO
10,61,898,1127,9999,,,29,NO
10,61,898,965,9999,,,27,NO
10,61,898,687,9999,,,25,NO
10,61,898,1145,9999,,,25,NO
10,61,898,1144,9999,,,23,NO
10,61,898,1128,9999,,,19,NO
10,61,898,260,17,,,16,NO
10,61,898,260,19,,,15,NO
10,61,898,340,9999,,,15,NO
10,61,898,1174,9999,,,14,NO
10,61,898,260,15,,,13,NO
10,61,898,260,16,,,11,NO
10,61,898,260,20,,,11,NO
10,61,898,260,21,,,11,NO
10,61,898,866,9999,,,11,NO
10,61,898,260,22,,,10,NO
10,61,898,260,4,,,8,NO
10,61,898,260,8,,,8,NO
10,61,898,260,12,,,8,NO
10,61,898,260,13,,,8,NO
10,61,898,260,23,,,8,NO
10,61,898,260,5,,,7,NO
10,61,898,260,14,,,7,NO
10,61,898,260,18,,,7,NO
10,61,898,260,26,,,7,NO
10,61,898,929,9999,,,7,NO
10,61,898,187,9999,,,5,NO
10,61,898,260,7,,,5,NO
10,61,898,837,9999,,,5,NO
10,61,898,886,9999,,,5,NO
10,61,898,943,9999,,,5,NO
10,61,898,121,9999,,,4,NO
10,61,898,260,1,,,4,NO
10,61,898,260,11,,,4,NO
10,61,898,260,9999,,,4,NO
10,61,898,826,9999,,,4,NO
10,61,898,956,9999,,,4,NO
10,61,898,260,2,,,3,NO
10,61,898,869,9999,,,3,NO
10,61,898,872,9999,,,3,NO
10,61,898,541,9999,,,2,NO
10,61,898,586,9999,,,2,NO
10,61,898,868,9999,,,2,NO
10,61,898,878,9999,,,2,NO
10,61,898,29,9999,,,1,NO
10,61,898,260,9,,,1,NO
10,61,898,260,24,,,1,NO
10,61,898,260,25,,,1,NO
10,61,898,263,6,,,1,NO
10,61,898,830,9999,,,1,NO
10,61,898,871,9999,,,1,NO
10,61,898,894,9999,,,1,NO
10,61,898,896,9999,,,1,NO
10,61,898,971,9999,,,1,NO
10,61,899,374,9999,,,353,NO
10,61,899,126,9999,,,164,NO
10,61,899,170,9999,,,138,NO
10,61,899,371,8,,,92,NO
10,61,899,371,4,,,75,NO
10,61,899,735,9999,,,67,NO
10,61,899,171,9999,,,49,NO
10,61,899,39,7,,,45,NO
10,61,899,153,9999,,,45,NO
10,61,899,371,13,,,42,NO
10,61,899,371,15,,,42,NO
10,61,899,551,9999,,,37,NO
10,61,899,371,9,,,36,NO
10,61,899,39,9,,,35,NO
10,61,899,371,12,,,35,NO
10,61,899,371,11,,,31,NO
10,61,899,39,3,,,29,NO
10,61,899,39,10,,,29,NO
10,61,899,371,14,,,27,NO
10,61,899,371,6,,,26,NO
10,61,899,39,2,,,25,NO
10,61,899,371,18,,,23,NO
10,61,899,39,8,,,22,NO
10,61,899,39,16,,,18,NO
10,61,899,371,16,,,18,NO
10,61,899,371,17,,,18,NO
10,61,899,39,4,,,17,NO
10,61,899,39,11,,,17,NO
10,61,899,371,3,,,17,NO
10,61,899,39,5,,,16,NO
10,61,899,39,15,,,16,NO
10,61,899,371,1,,,16,NO
10,61,899,39,6,,,15,NO
10,61,899,371,19,,,12,NO
10,61,899,39,1,,,11,NO
10,61,899,115,9999,,,10,NO
10,61,899,371,2,,,7,NO
10,61,899,371,10,,,6,NO
10,61,899,39,14,,,5,NO
10,61,899,39,9999,,,5,NO
10,61,899,371,20,,,5,NO
10,61,899,371,9999,,,5,NO
10,61,899,39,12,,,4,NO
10,61,899,39,13,,,4,NO
10,61,899,303,9999,,,3,NO
10,61,899,371,21,,,3,NO
10,61,899,840,9999,,,2,NO
10,61,899,908,9999,,,2,NO
10,61,899,1163,9999,,,2,NO
10,61,899,298,9999,,,1,NO
10,61,899,443,9999,,,1,NO
10,61,899,452,9999,,,1,NO
10,61,901,983,9999,,,142,SI
10,61,901,629,9999,,,124,SI
10,61,901,993,9999,,,121,SI
10,61,901,377,4,,,113,SI
10,61,901,377,33,,,99,SI
10,61,901,255,9999,,,88,SI
10,61,901,377,6,,,83,SI
10,61,901,377,18,,,83,SI
10,61,901,377,47,,,73,SI
10,61,901,377,21,,,67,SI
10,61,901,377,57,,,67,SI
10,61,901,377,49,,,66,SI
10,61,901,377,50,,,64,SI
10,61,901,377,35,,,55,SI
10,61,901,377,67,,,55,SI
10,61,901,377,74,,,55,SI
10,61,901,377,48,,,54,SI
10,61,901,377,27,,,53,SI
10,61,901,377,82,,,53,SI
10,61,901,1084,9999,,,53,SI
10,61,901,377,71,,,52,SI
10,61,901,914,9999,,,52,SI
10,61,901,377,72,,,51,SI
10,61,901,377,75,,,50,SI
10,61,901,377,83,,,47,SI
10,61,901,377,52,,,46,SI
10,61,901,377,10,,,45,SI
10,61,901,377,59,,,45,SI
10,61,901,377,73,,,45,SI
10,61,901,377,84,,,45,SI
10,61,901,377,46,,,44,SI
10,61,901,377,3,,,43,SI
10,61,901,377,20,,,43,SI
10,61,901,377,68,,,43,SI
10,61,901,377,78,,,43,SI
10,61,901,377,15,,,41,NO
10,61,901,377,24,,,41,NO
10,61,901,377,44,,,41,NO
10,61,901,377,70,,,41,NO
10,61,901,377,28,,,40,NO
10,61,901,377,53,,,40,NO
10,61,901,377,62,,,40,NO
10,61,901,1178,9999,,,40,NO
10,61,901,377,43,,,39,NO
10,61,901,377,95,,,39,NO
10,61,901,377,36,,,38,NO
10,61,901,377,42,,,38,NO
10,61,901,377,45,,,38,NO
10,61,901,377,61,,,38,NO
10,61,901,377,76,,,38,NO
10,61,901,377,85,,,38,NO
10,61,901,377,11,,,37,NO
10,61,901,377,22,,,37,NO
10,61,901,377,65,,,37,NO
10,61,901,377,7,,,36,NO
10,61,901,377,14,,,36,NO
10,61,901,377,19,,,36,NO
10,61,901,377,41,,,36,NO
10,61,901,377,55,,,36,NO
10,61,901,377,54,,,35,NO
10,61,901,377,66,,,35,NO
10,61,901,377,69,,,35,NO
10,61,901,377,9,,,34,NO
10,61,901,377,23,,,34,NO
10,61,901,377,96,,,34,NO
10,61,901,377,29,,,33,NO
10,61,901,377,56,,,33,NO
10,61,901,377,64,,,33,NO
10,61,901,377,17,,,32,NO
10,61,901,377,25,,,32,NO
10,61,901,377,26,,,32,NO
10,61,901,377,32,,,32,NO
10,61,901,377,12,,,31,NO
10,61,901,377,13,,,31,NO
10,61,901,377,37,,,31,NO
10,61,901,377,77,,,31,NO
10,61,901,377,89,,,31,NO
10,61,901,377,16,,,30,NO
10,61,901,377,51,,,29,NO
10,61,901,377,79,,,29,NO
10,61,901,377,80,,,29,NO
10,61,901,377,8,,,28,NO
10,61,901,377,40,,,28,NO
10,61,901,377,93,,,28,NO
10,61,901,377,58,,,27,NO
10,61,901,377,81,,,27,NO
10,61,901,377,91,,,27,NO
10,61,901,377,31,,,26,NO
10,61,901,377,90,,,24,NO
10,61,901,377,97,,,24,NO
10,61,901,377,39,,,23,NO
10,61,901,377,94,,,22,NO
10,61,901,535,9999,,,21,NO
10,61,901,377,87,,,20,NO
10,61,901,377,30,,,19,NO
10,61,901,593,9999,,,19,NO
10,61,901,707,9999,,,19,NO
10,61,901,377,88,,,17,NO
10,61,901,347,9999,,,16,NO
10,61,901,377,5,,,16,NO
10,61,901,377,98,,,16,NO
10,61,901,377,92,,,15,NO
10,61,901,377,101,,,15,NO
10,61,901,377,60,,,14,NO
10,61,901,377,99,,,13,NO
10,61,901,777,9999,,,13,NO
10,61,901,377,104,,,11,NO
10,61,901,377,107,,,10,NO
10,61,901,377,2,,,9,NO
10,61,901,377,108,,,8,NO
10,61,901,377,102,,,7,NO
10,61,901,377,103,,,7,NO
10,61,901,377,105,,,6,NO
10,61,901,228,9999,,,4,NO
10,61,901,377,1,,,4,NO
10,61,901,377,9999,,,3,NO
10,61,901,1065,9999,,,3,NO
10,61,901,487,9999,,,2,NO
10,61,901,509,9999,,,2,NO
10,61,901,76,9999,,,1,NO
10,61,901,337,9999,,,1,NO
10,61,901,945,9999,,,1,NO
10,61,901,1146,9999,,,1,NO
10,61,901,1162,9999,,,1,NO
10,61,902,424,5,,,65,NO
10,61,902,424,1,,,58,NO
10,61,902,424,8,,,58,NO
10,61,902,424,2,,,53,NO
10,61,902,424,9,,,48,NO
10,61,902,424,3,,,43,NO
10,61,902,631,9999,,,39,NO
10,61,902,7,9999,,,37,NO
10,61,902,105,9999,,,37,NO
10,61,902,424,7,,,36,NO
10,61,902,963,9999,,,25,NO
10,61,902,424,23,,,20,NO
10,61,902,424,14,,,16,NO
10,61,902,424,10,,,14,NO
10,61,902,125,9999,,,13,NO
10,61,902,744,9999,,,11,NO
10,61,902,470,9999,,,8,NO
10,61,902,424,6,,,7,NO
10,61,902,424,11,,,7,NO
10,61,902,424,4,,,6,NO
10,61,902,703,9999,,,6,NO
10,61,902,141,9999,,,5,NO
10,61,902,323,9999,,,5,NO
10,61,902,424,13,,,5,NO
10,61,902,424,25,,,5,NO
10,61,902,661,9999,,,5,NO
10,61,902,413,9999,,,4,NO
10,61,902,424,12,,,3,NO
10,61,902,424,26,,,3,NO
10,61,902,424,32,,,3,NO
10,61,902,424,33,,,3,NO
10,61,902,531,9999,,,3,NO
10,61,902,688,9999,,,3,NO
10,61,902,722,9999,,,3,NO
10,61,902,283,9999,,,2,NO
10,61,902,398,9999,,,2,NO
10,61,902,424,15,,,2,NO
10,61,902,424,19,,,2,NO
10,61,902,424,27,,,2,NO
10,61,902,424,34,,,2,NO
10,61,902,1067,9999,,,2,NO
10,61,902,1139,9999,,,2,NO
10,61,902,296,9999,,,1,NO
10,61,902,424,21,,,1,NO
10,61,902,424,31,,,1,NO
10,61,902,424,9999,,,1,NO
10,61,902,462,9999,,,1,NO
10,61,902,1066,9999,,,1,NO
10,61,902,807,9999,,,0,NO
10,61,903,438,9999,,,279,NO
10,61,903,278,9999,,,225,NO
10,61,903,219,4,,,185,NO
10,61,903,219,8,,,113,NO
10,61,903,266,9999,,,107,NO
10,61,903,1107,9999,,,93,NO
10,61,903,557,9999,,,77,NO
10,61,903,1103,9999,,,77,NO
10,61,903,219,2,,,70,NO
10,61,903,15,1,,,65,NO
10,61,903,219,10,,,59,NO
10,61,903,219,7,,,51,NO
10,61,903,219,1,,,49,NO
10,61,903,219,3,,,47,NO
10,61,903,219,5,,,45,NO
10,61,903,219,12,,,45,NO
10,61,903,275,9999,,,42,NO
10,61,903,1161,9999,,,41,NO
10,61,903,219,6,,,40,NO
10,61,903,219,9,,,36,NO
10,61,903,219,25,,,36,NO
10,61,903,219,16,,,33,NO
10,61,903,219,15,,,31,NO
10,61,903,219,17,,,29,NO
10,61,903,15,7,,,27,NO
10,61,903,15,9,,,26,NO
10,61,903,219,13,,,26,NO
10,61,903,219,11,,,25,NO
10,61,903,1181,9999,,,23,NO
10,61,903,15,8,,,22,NO
10,61,903,220,9999,,,20,NO
10,61,903,15,6,,,19,NO
10,61,903,219,21,,,16,NO
10,61,903,219,22,,,16,NO
10,61,903,219,14,,,14,NO
10,61,903,219,18,,,14,NO
10,61,903,219,20,,,14,NO
10,61,903,219,24,,,13,NO
10,61,903,15,2,,,12,NO
10,61,903,15,3,,,8,NO
10,61,903,15,20,,,8,NO
10,61,903,219,19,,,8,NO
10,61,903,219,9999,,,8,NO
10,61,903,221,5,,,8,NO
10,61,903,15,4,,,7,NO
10,61,903,15,5,,,7,NO
10,61,903,221,25,,,7,NO
10,61,903,161,9999,,,6,NO
10,61,903,219,23,,,6,NO
10,61,903,221,8,,,6,NO
10,61,903,221,23,,,6,NO
10,61,903,221,7,,,5,NO
10,61,903,221,9,,,5,NO
10,61,903,221,13,,,5,NO
10,61,903,221,10,,,4,NO
10,61,903,221,14,,,4,NO
10,61,903,221,20,,,4,NO
10,61,903,221,30,,,4,NO
10,61,903,514,9999,,,4,NO
10,61,903,681,9999,,,4,NO
10,61,903,682,9999,,,4,NO
10,61,903,15,10,,,3,NO
10,61,903,15,12,,,3,NO
10,61,903,15,14,,,3,NO
10,61,903,15,19,,,3,NO
10,61,903,207,9999,,,3,NO
10,61,903,221,28,,,3,NO
10,61,903,221,31,,,3,NO
10,61,903,15,15,,,2,NO
10,61,903,221,1,,,2,NO
10,61,903,221,11,,,2,NO
10,61,903,221,16,,,2,NO
10,61,903,221,17,,,2,NO
10,61,903,221,21,,,2,NO
10,61,903,221,32,,,2,NO
10,61,903,221,33,,,2,NO
10,61,903,423,9999,,,2,NO
10,61,903,513,9999,,,2,NO
10,61,903,776,9999,,,2,NO
10,61,903,15,13,,,1,NO
10,61,903,15,17,,,1,NO
10,61,903,15,18,,,1,NO
10,61,903,84,9999,,,1,NO
10,61,903,221,18,,,1,NO
10,61,903,221,22,,,1,NO
10,61,903,221,24,,,1,NO
10,61,903,221,29,,,1,NO
10,61,903,294,9999,,,1,NO
10,61,903,665,9999,,,1,NO
10,61,903,669,9999,,,1,NO
10,61,904,479,39,,,100,NO
10,61,904,479,21,,,61,NO
10,61,904,479,10,,,46,NO
10,61,904,479,44,,,44,NO
10,61,904,479,9,,,38,NO
10,61,904,646,9999,,,36,NO
10,61,904,479,5,,,34,NO
10,61,904,479,12,,,32,NO
10,61,904,479,13,,,30,NO
10,61,904,479,32,,,29,NO
10,61,904,479,6,,,28,NO
10,61,904,479,19,,,28,NO
10,61,904,479,16,,,27,NO
10,61,904,479,42,,,26,NO
10,61,904,479,48,,,26,NO
10,61,904,479,8,,,25,NO
10,61,904,479,17,,,25,NO
10,61,904,479,41,,,25,NO
10,61,904,479,22,,,24,NO
10,61,904,479,7,,,22,NO
10,61,904,479,26,,,22,NO
10,61,904,479,33,,,21,NO
10,61,904,479,52,,,21,NO
10,61,904,479,2,,,20,NO
10,61,904,479,30,,,20,NO
10,61,904,479,14,,,19,NO
10,61,904,479,20,,,19,NO
10,61,904,479,25,,,18,NO
10,61,904,479,31,,,18,NO
10,61,904,479,1,,,17,NO
10,61,904,479,3,,,17,NO
10,61,904,479,4,,,17,NO
10,61,904,479,29,,,17,NO
10,61,904,479,28,,,16,NO
10,61,904,479,43,,,16,NO
10,61,904,479,37,,,15,NO
10,61,904,479,45,,,15,NO
10,61,904,479,24,,,13,NO
10,61,904,479,36,,,13,NO
10,61,904,479,38,,,13,NO
10,61,904,479,23,,,11,NO
10,61,904,479,40,,,11,NO
10,61,904,479,15,,,10,NO
10,61,904,479,55,,,10,NO
10,61,904,479,50,,,9,NO
10,61,904,479,27,,,8,NO
10,61,904,479,53,,,8,NO
10,61,904,457,9999,,,6,NO
10,61,904,479,34,,,6,NO
10,61,904,479,54,,,6,NO
10,61,904,479,9999,,,6,NO
10,61,904,618,9999,,,5,NO
10,61,904,1148,9999,,,5,NO
10,61,904,1151,9999,,,5,NO
10,61,904,479,47,,,4,NO
10,61,904,191,9999,,,3,NO
10,61,904,415,9999,,,3,NO
10,61,904,479,51,,,3,NO
10,61,904,1092,9999,,,3,NO
10,61,904,479,11,,,2,NO
10,61,904,479,46,,,2,NO
10,61,904,479,56,,,2,NO
10,61,904,1091,9999,,,2,NO
10,61,904,1150,9999,,,2,NO
10,61,904,205,9999,,,1,NO
10,61,904,479,35,,,1,NO
10,61,904,479,49,,,1,NO
10,61,904,479,57,,,1,NO
10,61,904,506,9999,,,1,NO
10,61,905,721,4,,,64,NO
10,61,905,721,71,,,60,NO
10,61,905,721,53,,,56,NO
10,61,905,721,34,,,55,NO
10,61,905,721,35,,,55,NO
10,61,905,721,14,,,54,NO
10,61,905,721,48,,,54,NO
10,61,905,721,6,,,50,NO
10,61,905,721,47,,,48,NO
10,61,905,721,2,,,47,NO
10,61,905,721,31,,,46,NO
10,61,905,721,18,,,45,NO
10,61,905,721,25,,,43,NO
10,61,905,721,24,,,42,NO
10,61,905,721,59,,,42,NO
10,61,905,721,52,,,40,NO
10,61,905,721,23,,,39,NO
10,61,905,721,51,,,39,NO
10,61,905,721,19,,,38,NO
10,61,905,721,58,,,38,NO
10,61,905,721,16,,,37,NO
10,61,905,721,29,,,37,NO
10,61,905,721,20,,,35,NO
10,61,905,721,61,,,35,NO
10,61,905,721,7,,,34,NO
10,61,905,721,38,,,34,NO
10,61,905,721,26,,,33,NO
10,61,905,721,46,,,33,NO
10,61,905,721,62,,,33,NO
10,61,905,721,63,,,33,NO
10,61,905,721,64,,,31,NO
10,61,905,721,21,,,29,NO
10,61,905,721,37,,,29,NO
10,61,905,721,55,,,29,NO
10,61,905,721,11,,,27,NO
10,61,905,721,32,,,27,NO
10,61,905,721,44,,,27,NO
10,61,905,721,45,,,26,NO
10,61,905,721,36,,,25,NO
10,61,905,721,39,,,24,NO
10,61,905,721,66,,,24,NO
10,61,905,721,10,,,23,NO
10,61,905,721,40,,,23,NO
10,61,905,721,9999,,,22,NO
10,61,905,721,28,,,21,NO
10,61,905,721,65,,,21,NO
10,61,905,721,56,,,19,NO
10,61,905,721,41,,,18,NO
10,61,905,721,43,,,18,NO
10,61,905,721,67,,,17,NO
10,61,905,721,9,,,16,NO
10,61,905,721,22,,,14,NO
10,61,905,721,42,,,14,NO
10,61,905,721,12,,,13,NO
10,61,905,721,33,,,12,NO
10,61,905,721,49,,,12,NO
10,61,905,721,69,,,12,NO
10,61,905,721,60,,,11,NO
10,61,905,721,70,,,10,NO
10,61,905,721,50,,,7,NO
10,61,905,721,1,,,6,NO
10,61,905,721,68,,,6,NO
10,61,905,721,74,,,5,NO
10,61,905,721,75,,,5,NO
10,61,905,721,76,,,5,NO
10,61,905,721,78,,,5,NO
10,61,905,721,3,,,4,NO
10,61,905,721,30,,,4,NO
10,61,905,721,77,,,4,NO
10,61,905,721,27,,,3,NO
10,61,906,425,1,,,56,NO
10,61,906,425,12,,,56,NO
10,61,906,425,13,,,52,NO
10,61,906,425,22,,,52,NO
10,61,906,425,7,,,44,NO
10,61,906,425,8,,,40,NO
10,61,906,425,33,,,40,NO
10,61,906,425,5,,,38,NO
10,61,906,425,11,,,37,NO
10,61,906,425,6,,,36,NO
10,61,906,425,18,,,34,NO
10,61,906,425,29,,,34,NO
10,61,906,425,32,,,33,NO
10,61,906,425,15,,,32,NO
10,61,906,425,4,,,31,NO
10,61,906,425,2,,,30,NO
10,61,906,425,21,,,30,NO
10,61,906,425,38,,,30,NO
10,61,906,425,39,,,30,NO
10,61,906,425,17,,,29,NO
10,61,906,425,30,,,29,NO
10,61,906,425,37,,,25,NO
10,61,906,425,14,,,21,NO
10,61,906,425,35,,,21,NO
10,61,906,425,36,,,20,NO
10,61,906,950,9999,,,20,NO
10,61,906,425,27,,,15,NO
10,61,906,425,28,,,15,NO
10,61,906,425,9,,,13,NO
10,61,906,425,16,,,13,NO
10,61,906,622,9999,,,13,NO
10,61,906,425,26,,,12,NO
10,61,906,425,31,,,12,NO
10,61,906,425,34,,,12,NO
10,61,906,425,41,,,12,NO
10,61,906,425,24,,,11,NO
10,61,906,425,45,,,11,NO
10,61,906,881,9999,,,11,NO
10,61,906,944,9999,,,11,NO
10,61,906,425,3,,,10,NO
10,61,906,129,9999,,,9,NO
10,61,906,627,9999,,,9,NO
10,61,906,425,25,,,8,NO
10,61,906,425,42,,,8,NO
10,61,906,404,9999,,,7,NO
10,61,906,313,9999,,,5,NO
10,61,906,425,43,,,5,NO
10,61,906,425,44,,,5,NO
10,61,906,425,46,,,5,NO
10,61,906,425,47,,,4,NO
10,61,906,1160,9999,,,4,NO
10,61,906,112,9999,,,3,NO
10,61,906,1090,9999,,,2,NO
10,61,906,273,9999,,,1,NO
10,61,906,425,48,,,1,NO
10,61,906,880,9999,,,1,NO
10,61,906,967,9999,,,1,NO
10,61,906,1152,9999,,,1,NO
10,61,906,1153,9999,,,1,NO
10,61,907,1060,9999,,,107,NO
10,61,907,110,9999,,,94,NO
10,61,907,96,9999,,,76,NO
10,61,907,1057,9999,,,66,NO
10,61,907,189,4,,,43,NO
10,61,907,189,7,,,43,NO
10,61,907,378,9999,,,42,NO
10,61,907,185,9999,,,39,NO
10,61,907,189,10,,,39,NO
10,61,907,189,1,,,38,NO
10,61,907,189,27,,,38,NO
10,61,907,1158,9999,,,36,NO
10,61,907,189,3,,,33,NO
10,61,907,189,8,,,33,NO
10,61,907,189,12,,,33,NO
10,61,907,189,24,,,33,NO
10,61,907,189,9,,,32,NO
10,61,907,189,2,,,30,NO
10,61,907,189,28,,,30,NO
10,61,907,189,26,,,27,NO
10,61,907,189,5,,,22,NO
10,61,907,189,6,,,22,NO
10,61,907,189,11,,,22,NO
10,61,907,189,21,,,22,NO
10,61,907,189,13,,,20,NO
10,61,907,549,9999,,,20,NO
10,61,907,189,25,,,19,NO
10,61,907,725,9999,,,19,NO
10,61,907,189,20,,,17,NO
10,61,907,189,17,,,16,NO
10,61,907,189,22,,,16,NO
10,61,907,419,9999,,,16,NO
10,61,907,189,29,,,15,NO
10,61,907,189,18,,,14,NO
10,61,907,189,23,,,14,NO
10,61,907,189,15,,,13,NO
10,61,907,189,19,,,12,NO
10,61,907,94,9999,,,11,NO
10,61,907,189,16,,,11,NO
10,61,907,189,31,,,11,NO
10,61,907,490,9999,,,9,NO
10,61,907,242,9999,,,5,NO
10,61,907,658,9999,,,5,NO
10,61,907,626,9999,,,3,NO
10,61,907,1129,9999,,,3,NO
10,61,907,319,9999,,,2,NO
10,61,907,1130,9999,,,2,NO
10,61,907,38,9999,,,1,NO
10,61,907,189,9999,,,1,NO
10,61,907,257,9999,,,1,NO
10,61,907,318,9999,,,1,NO
10,61,907,651,9999,,,1,NO
10,61,907,985,9999,,,1,NO
10,61,907,1132,9999,,,1,NO
10,61,907,1133,9999,,,1,NO
10,61,907,1157,9999,,,1,NO
10,61,907,1095,9999,,,0,NO
10,61,908,19,19,,,92,NO
10,61,908,19,1,,,40,NO
10,61,908,19,26,,,37,NO
10,61,908,19,32,,,37,NO
10,61,908,19,27,,,36,NO
10,61,908,19,25,,,32,NO
10,61,908,19,10,,,30,NO
10,61,908,19,49,,,30,NO
10,61,908,19,15,,,29,NO
10,61,908,19,16,,,26,NO
10,61,908,19,29,,,26,NO
10,61,908,19,9,,,25,NO
10,61,908,19,28,,,24,NO
10,61,908,19,3,,,23,NO
10,61,908,19,35,,,23,NO
10,61,908,19,34,,,22,NO
10,61,908,19,42,,,22,NO
10,61,908,19,12,,,21,NO
10,61,908,19,4,,,20,NO
10,61,908,19,36,,,20,NO
10,61,908,19,39,,,20,NO
10,61,908,19,2,,,19,NO
10,61,908,19,30,,,19,NO
10,61,908,19,37,,,19,NO
10,61,908,19,44,,,19,NO
10,61,908,19,40,,,15,NO
10,61,908,19,41,,,15,NO
10,61,908,19,14,,,12,NO
10,61,908,19,43,,,12,NO
10,61,908,19,47,,,12,NO
10,61,908,19,50,,,12,NO
10,61,908,19,51,,,11,NO
10,61,908,19,5,,,10,NO
10,61,908,19,11,,,10,NO
10,61,908,19,53,,,10,NO
10,61,908,19,54,,,10,NO
10,61,908,19,31,,,7,NO
10,61,908,19,46,,,7,NO
10,61,908,19,13,,,5,NO
10,61,908,679,9999,,,5,NO
10,61,908,19,38,,,3,NO
10,61,908,19,48,,,3,NO
10,61,908,19,52,,,2,NO
10,61,908,19,9999,,,1,NO
10,61,909,397,9999,,,278,NO
10,61,909,380,9999,,,212,NO
10,61,909,232,1,,,182,NO
10,61,909,232,7,,,138,NO
10,61,909,564,9999,,,129,NO
10,61,909,232,35,,,120,NO
10,61,909,232,13,,,86,NO
10,61,909,232,8,,,74,NO
10,61,909,232,20,,,61,NO
10,61,909,232,21,,,61,NO
10,61,909,232,18,,,53,NO
10,61,909,232,2,,,50,NO
10,61,909,232,34,,,49,NO
10,61,909,232,16,,,48,NO
10,61,909,232,12,,,45,NO
10,61,909,232,15,,,45,NO
10,61,909,232,19,,,45,NO
10,61,909,232,3,,,42,NO
10,61,909,232,30,,,42,NO
10,61,909,232,5,,,41,NO
10,61,909,232,11,,,41,NO
10,61,909,232,22,,,41,NO
10,61,909,232,17,,,40,NO
10,61,909,232,28,,,40,NO
10,61,909,232,29,,,40,NO
10,61,909,232,27,,,39,NO
10,61,909,232,31,,,37,NO
10,61,909,232,10,,,34,NO
10,61,909,232,6,,,32,NO
10,61,909,232,23,,,27,NO
10,61,909,232,4,,,26,NO
10,61,909,232,25,,,26,NO
10,61,909,232,26,,,25,NO
10,61,909,232,9,,,21,NO
10,61,909,232,24,,,16,NO
10,61,909,232,38,,,15,NO
10,61,909,232,39,,,14,NO
10,61,909,232,37,,,10,NO
10,61,909,143,9999,,,6,NO
10,61,909,232,33,,,6,NO
10,61,909,232,9999,,,4,NO
10,61,909,1147,9999,,,4,NO
10,61,909,190,9999,,,2,NO
10,61,909,251,9999,,,1,NO
10,61,909,1093,9999,,,1,NO
10,61,910,245,30,,,150,NO
10,61,910,245,8,,,82,NO
10,61,910,245,19,,,75,NO
10,61,910,245,32,,,58,NO
10,61,910,245,12,,,56,NO
10,61,910,245,14,,,55,NO
10,61,910,245,7,,,52,NO
10,61,910,245,15,,,52,NO
10,61,910,245,31,,,52,NO
10,61,910,245,23,,,47,NO
10,61,910,245,10,,,46,NO
10,61,910,245,21,,,45,NO
10,61,910,245,25,,,43,NO
10,61,910,245,18,,,42,NO
10,61,910,245,40,,,41,NO
10,61,910,245,34,,,39,NO
10,61,910,245,24,,,38,NO
10,61,910,245,33,,,38,NO
10,61,910,245,20,,,36,NO
10,61,910,245,1,,,35,NO
10,61,910,245,5,,,34,NO
10,61,910,245,37,,,33,NO
10,61,910,245,2,,,31,NO
10,61,910,245,4,,,31,NO
10,61,910,245,13,,,30,NO
10,61,910,245,39,,,29,NO
10,61,910,245,6,,,28,NO
10,61,910,245,35,,,28,NO
10,61,910,245,16,,,27,NO
10,61,910,245,17,,,26,NO
10,61,910,245,44,,,21,NO
10,61,910,245,27,,,17,NO
10,61,910,245,38,,,16,NO
10,61,910,245,26,,,15,NO
10,61,910,245,29,,,15,NO
10,61,910,245,36,,,15,NO
10,61,910,245,9999,,,13,NO
10,61,910,245,3,,,11,NO
10,61,910,245,22,,,11,NO
10,61,910,245,41,,,2,NO
10,61,910,63,9999,,,0,NO
10,61,911,982,9999,,,236,NO
10,61,911,280,9999,,,173,NO
10,61,911,240,4,,,62,NO
10,61,911,240,19,,,58,NO
10,61,911,240,1,,,55,NO
10,61,911,368,9999,,,50,NO
10,61,911,240,16,,,42,NO
10,61,911,240,17,,,42,NO
10,61,911,240,37,,,42,NO
10,61,911,240,33,,,35,NO
10,61,911,240,9,,,34,NO
10,61,911,240,20,,,34,NO
10,61,911,240,2,,,33,NO
10,61,911,240,15,,,33,NO
10,61,911,240,28,,,32,NO
10,61,911,240,7,,,28,NO
10,61,911,240,11,,,28,NO
10,61,911,240,36,,,27,NO
10,61,911,240,14,,,24,NO
10,61,911,240,30,,,24,NO
10,61,911,240,32,,,24,NO
10,61,911,240,13,,,23,NO
10,61,911,240,5,,,22,NO
10,61,911,240,6,,,22,NO
10,61,911,240,27,,,22,NO
10,61,911,240,35,,,22,NO
10,61,911,240,41,,,22,NO
10,61,911,240,23,,,21,NO
10,61,911,240,26,,,21,NO
10,61,911,240,38,,,21,NO
10,61,911,240,8,,,18,NO
10,61,911,240,18,,,18,NO
10,61,911,240,22,,,17,NO
10,61,911,240,24,,,17,NO
10,61,911,240,3,,,14,NO
10,61,911,240,12,,,12,NO
10,61,911,393,9999,,,12,NO
10,61,911,240,40,,,10,NO
10,61,911,240,10,,,9,NO
10,61,911,240,31,,,9,NO
10,61,911,240,9999,,,9,NO
10,61,911,240,39,,,7,NO
10,61,911,240,29,,,5,NO
10,61,911,968,9999,,,4,NO
10,61,911,1064,9999,,,4,NO
10,61,911,240,21,,,3,NO
10,61,911,434,9999,,,2,NO
10,61,912,236,9999,,,123,NO
10,61,912,989,9999,,,79,NO
10,61,912,311,9999,,,67,NO
10,61,912,439,9999,,,54,NO
10,61,912,50,9999,,,53,NO
10,61,912,249,9999,,,44,NO
10,61,912,718,9999,,,40,NO
10,61,912,20,21,,,39,NO
10,61,912,376,9999,,,38,NO
10,61,912,594,9999,,,36,NO
10,61,912,20,16,,,34,NO
10,61,912,342,9999,,,31,NO
10,61,912,20,25,,,29,NO
10,61,912,20,20,,,28,NO
10,61,912,20,12,,,27,NO
10,61,912,259,17,,,25,NO
10,61,912,20,19,,,24,NO
10,61,912,20,23,,,24,NO
10,61,912,534,9999,,,23,NO
10,61,912,712,9999,,,23,NO
10,61,912,20,11,,,22,NO
10,61,912,246,9999,,,22,NO
10,61,912,314,9999,,,22,NO
10,61,912,20,8,,,21,NO
10,61,912,20,13,,,21,NO
10,61,912,734,9999,,,21,NO
10,61,912,789,9999,,,21,NO
10,61,912,20,24,,,20,NO
10,61,912,227,9999,,,20,NO
10,61,912,259,1,,,20,NO
10,61,912,20,9,,,19,NO
10,61,912,20,22,,,19,NO
10,61,912,20,26,,,19,NO
10,61,912,259,21,,,19,NO
10,61,912,20,2,,,18,NO
10,61,912,259,12,,,18,NO
10,61,912,363,9999,,,18,NO
10,61,912,259,10,,,17,NO
10,61,912,259,14,,,17,NO
10,61,912,638,9999,,,17,NO
10,61,912,20,10,,,16,NO
10,61,912,473,9999,,,16,NO
10,61,912,20,3,,,15,NO
10,61,912,259,7,,,15,NO
10,61,912,259,16,,,14,NO
10,61,912,407,9999,,,14,NO
10,61,912,708,9999,,,14,NO
10,61,912,979,9999,,,14,NO
10,61,912,20,4,,,13,NO
10,61,912,20,7,,,13,NO
10,61,912,20,17,,,13,NO
10,61,912,57,9999,,,13,NO
10,61,912,208,9999,,,13,NO
10,61,912,259,4,,,13,NO
10,61,912,259,11,,,13,NO
10,61,912,259,15,,,13,NO
10,61,912,384,9999,,,13,NO
10,61,912,13,9999,,,12,NO
10,61,912,356,9999,,,12,NO
10,61,912,75,9999,,,11,NO
10,61,912,259,18,,,11,NO
10,61,912,701,9999,,,11,NO
10,61,912,947,9999,,,11,NO
10,61,912,20,14,,,10,NO
10,61,912,699,9999,,,10,NO
10,61,912,66,9999,,,9,NO
10,61,912,77,9999,,,9,NO
10,61,912,259,2,,,9,NO
10,61,912,259,9,,,9,NO
10,61,912,304,9999,,,9,NO
10,61,912,565,9999,,,9,NO
10,61,912,764,9999,,,9,NO
10,61,912,43,9999,,,8,NO
10,61,912,259,19,,,8,NO
10,61,912,346,9999,,,8,NO
10,61,912,361,9999,,,8,NO
10,61,912,20,27,,,7,NO
10,61,912,74,9999,,,7,NO
10,61,912,182,9999,,,7,NO
10,61,912,259,3,,,7,NO
10,61,912,259,8,,,7,NO
10,61,912,555,9999,,,7,NO
10,61,912,562,9999,,,7,NO
10,61,912,600,9999,,,7,NO
10,61,912,1123,9999,,,7,NO
10,61,912,20,6,,,6,NO
10,61,912,53,9999,,,6,NO
10,61,912,78,9999,,,6,NO
10,61,912,181,9999,,,6,NO
10,61,912,186,9999,,,6,NO
10,61,912,203,9999,,,6,NO
10,61,912,623,9999,,,6,NO
10,61,912,760,9999,,,6,NO
10,61,912,1165,9999,,,6,NO
10,61,912,20,18,,,5,NO
10,61,912,83,9999,,,5,NO
10,61,912,381,9999,,,5,NO
10,61,912,775,9999,,,5,NO
10,61,912,927,9999,,,5,NO
10,61,912,1078,9999,,,5,NO
10,61,912,1126,9999,,,5,NO
10,61,912,332,9999,,,4,NO
10,61,912,349,9999,,,4,NO
10,61,912,436,9999,,,4,NO
10,61,912,685,9999,,,4,NO
10,61,912,728,9999,,,4,NO
10,61,912,948,9999,,,4,NO
10,61,912,951,9999,,,4,NO
10,61,912,992,9999,,,4,NO
10,61,912,1076,9999,,,4,NO
10,61,912,1102,9999,,,4,NO
10,61,912,1136,9999,,,4,NO
10,61,912,10,9999,,,3,NO
10,61,912,22,9999,,,3,NO
10,61,912,45,9999,,,3,NO
10,61,912,54,9999,,,3,NO
10,61,912,284,9999,,,3,NO
10,61,912,330,9999,,,3,NO
10,61,912,491,9999,,,3,NO
10,61,912,552,9999,,,3,NO
10,61,912,560,9999,,,3,NO
10,61,912,573,9999,,,3,NO
10,61,912,684,9999,,,3,NO
10,61,912,1080,9999,,,3,NO
10,61,912,1135,9999,,,3,NO
10,61,912,20,5,,,2,NO
10,61,912,36,9999,,,2,NO
10,61,912,41,9999,,,2,NO
10,61,912,98,9999,,,2,NO
10,61,912,111,9999,,,2,NO
10,61,912,233,9999,,,2,NO
10,61,912,250,9999,,,2,NO
10,61,912,256,9999,,,2,NO
10,61,912,258,9999,,,2,NO
10,61,912,270,9999,,,2,NO
10,61,912,453,9999,,,2,NO
10,61,912,521,9999,,,2,NO
10,61,912,615,9999,,,2,NO
10,61,912,719,9999,,,2,NO
10,61,912,1082,9999,,,2,NO
10,61,912,1083,9999,,,2,NO
10,61,912,1085,9999,,,2,NO
10,61,912,1169,9999,,,2,NO
10,61,912,18,9999,,,1,NO
10,61,912,20,9999,,,1,NO
10,61,912,127,9999,,,1,NO
10,61,912,150,9999,,,1,NO
10,61,912,151,9999,,,1,NO
10,61,912,192,9999,,,1,NO
10,61,912,444,9999,,,1,NO
10,61,912,498,9999,,,1,NO
10,61,912,524,9999,,,1,NO
10,61,912,546,9999,,,1,NO
10,61,912,636,9999,,,1,NO
10,61,912,653,9999,,,1,NO
10,61,912,655,9999,,,1,NO
10,61,912,702,9999,,,1,NO
10,61,912,731,9999,,,1,NO
10,61,912,736,9999,,,1,NO
10,61,912,923,9999,,,1,NO
10,61,912,961,9999,,,1,NO
10,61,912,1079,9999,,,1,NO
10,61,912,1081,9999,,,1,NO
10,61,912,1134,9999,,,1,NO
10,61,912,1137,9999,,,1,NO
10,61,912,1168,9999,,,1,NO
10,61,2109,218,2,,,135,NO
10,61,2109,218,1,,,112,NO
10,61,2109,218,7,,,87,NO
10,61,2109,218,8,,,50,NO
10,61,2109,218,18,,,27,NO
10,61,2109,218,5,,,23,NO
10,61,2109,218,11,,,21,NO
10,61,2109,218,6,,,20,NO
10,61,2109,218,13,,,18,NO
10,61,2109,218,17,,,17,NO
10,61,2109,218,20,,,14,NO
10,61,2109,218,4,,,13,NO
10,61,2109,218,3,,,12,NO
10,61,2109,218,21,,,10,NO
10,61,2109,858,9999,,,9,NO
10,61,2109,218,15,,,7,NO
10,61,2109,218,9,,,6,NO
10,61,2109,218,12,,,6,NO
10,61,2109,218,14,,,6,NO
10,61,2109,218,16,,,6,NO
10,61,2109,897,9999,,,6,NO
10,61,2109,904,9999,,,6,NO
10,61,2109,218,19,,,3,NO
10,61,2110,5,9999,,,318,NO
10,61,2110,28,21,,,45,NO
10,61,2110,28,2,,,43,NO
10,61,2110,28,13,,,35,NO
10,61,2110,28,14,,,35,NO
10,61,2110,525,3,,,34,NO
10,61,2110,28,19,,,33,NO
10,61,2110,28,11,,,32,NO
10,61,2110,28,6,,,27,NO
10,61,2110,28,7,,,27,NO
10,61,2110,28,24,,,25,NO
10,61,2110,525,10,,,24,NO
10,61,2110,28,8,,,23,NO
10,61,2110,28,12,,,23,NO
10,61,2110,525,4,,,23,NO
10,61,2110,28,17,,,22,NO
10,61,2110,28,22,,,22,NO
10,61,2110,525,8,,,22,NO
10,61,2110,525,11,,,22,NO
10,61,2110,525,2,,,21,NO
10,61,2110,525,1,,,20,NO
10,61,2110,525,14,,,20,NO
10,61,2110,28,16,,,19,NO
10,61,2110,525,13,,,18,NO
10,61,2110,28,3,,,17,NO
10,61,2110,28,18,,,17,NO
10,61,2110,525,6,,,17,NO
10,61,2110,28,23,,,16,NO
10,61,2110,28,1,,,15,NO
10,61,2110,28,20,,,14,NO
10,61,2110,525,9,,,14,NO
10,61,2110,28,9,,,13,NO
10,61,2110,525,7,,,12,NO
10,61,2110,28,25,,,11,NO
10,61,2110,28,9999,,,11,NO
10,61,2110,28,5,,,10,NO
10,61,2110,28,10,,,10,NO
10,61,2110,28,4,,,8,NO
10,61,2110,525,5,,,8,NO
10,61,2110,525,12,,,7,NO
10,61,2110,28,26,,,6,NO
10,61,2110,525,15,,,6,NO
10,61,2110,525,16,,,4,NO
10,61,2111,198,9999,,,212,NO
10,61,2111,1071,9999,,,166,NO
10,61,2111,980,9999,,,165,NO
10,61,2111,427,1,,,139,NO
10,61,2111,988,9999,,,116,NO
10,61,2111,427,6,,,106,NO
10,61,2111,987,9999,,,102,NO
10,61,2111,427,3,,,65,NO
10,61,2111,907,9999,,,57,NO
10,61,2111,1105,9999,,,44,NO
10,61,2111,427,2,,,42,NO
10,61,2111,427,9,,,39,NO
10,61,2111,427,7,,,37,NO
10,61,2111,824,9999,,,36,NO
10,61,2111,427,4,,,31,NO
10,61,2111,739,9999,,,29,NO
10,61,2111,427,5,,,25,NO
10,61,2111,1070,9999,,,23,NO
10,61,2111,427,13,,,17,NO
10,61,2111,427,11,,,12,NO
10,61,2111,427,8,,,11,NO
10,61,2111,1154,9999,,,11,NO
10,61,2111,810,9999,,,8,NO
10,61,2111,1173,9999,,,8,NO
10,61,2111,738,9999,,,6,NO
10,61,2111,877,9999,,,6,NO
10,61,2111,920,9999,,,4,NO
10,61,2111,427,10,,,3,NO
10,61,2111,1073,9999,,,3,NO
10,61,2111,1119,9999,,,3,NO
10,61,2111,200,9999,,,2,NO
10,61,2111,427,12,,,2,NO
10,61,2111,101,9999,,,1,NO
10,61,2111,901,9999,,,1,NO
10,61,2111,906,9999,,,1,NO
10,61,2111,1074,9999,,,1,NO
10,61,2112,42,9999,,,176,NO
10,61,2112,429,9999,,,118,NO
10,61,2112,315,1,,,84,NO
10,61,2112,973,9999,,,84,NO
10,61,2112,1106,9999,,,67,NO
10,61,2112,315,8,,,52,NO
10,61,2112,315,3,,,47,NO
10,61,2112,315,7,,,40,NO
10,61,2112,315,4,,,38,NO
10,61,2112,315,17,,,38,NO
10,61,2112,315,2,,,37,NO
10,61,2112,315,12,,,36,NO
10,61,2112,315,20,,,27,NO
10,61,2112,315,14,,,26,NO
10,61,2112,315,19,,,26,NO
10,61,2112,315,5,,,25,NO
10,61,2112,315,6,,,24,NO
10,61,2112,315,18,,,23,NO
10,61,2112,960,9999,,,21,NO
10,61,2112,315,11,,,17,NO
10,61,2112,315,15,,,14,NO
10,61,2112,1104,9999,,,13,NO
10,61,2112,315,13,,,9,NO
10,61,2112,315,9,,,6,NO
10,61,2112,315,10,,,3,NO
10,61,2112,315,16,,,3,NO
10,61,2112,822,9999,,,1,NO
10,61,2112,1072,9999,,,1,NO
